Date,Symbol,Series,Prev Close,Open,High,Low,Last,Close,VWAP
2022-08-12,海光信息,EQ,70.0,70.0,73.8,60.1,60.1,60.1,64.66666666666667
2022-08-15,海光信息,EQ,60.1,57.0,61.19,56.7,56.82,56.82,58.23666666666667
2022-08-16,海光信息,EQ,56.82,56.0,61.66,55.01,60.69,60.69,59.12
2022-08-17,海光信息,EQ,60.69,60.35,61.86,56.8,57.64,57.64,58.76666666666667
2022-08-18,海光信息,EQ,57.64,57.02,58.79,55.5,57.65,57.65,57.31333333333333
2022-08-19,海光信息,EQ,57.65,58.01,59.1,54.02,54.26,54.26,55.79333333333333
2022-08-22,海光信息,EQ,54.26,54.0,56.96,53.95,56.35,56.35,55.75333333333333
2022-08-23,海光信息,EQ,56.35,55.93,60.83,55.8,59.87,59.87,58.833333333333336
2022-08-24,海光信息,EQ,59.87,59.3,60.96,57.23,58.75,58.75,58.98
2022-08-25,海光信息,EQ,58.75,59.01,59.3,54.35,55.3,55.3,56.31666666666666
2022-08-26,海光信息,EQ,55.3,54.81,55.94,50.0,50.2,50.2,52.04666666666666
2022-08-29,海光信息,EQ,50.2,49.04,51.27,48.69,49.09,49.09,49.68333333333334
2022-08-30,海光信息,EQ,49.09,49.02,52.77,48.92,51.74,51.74,51.14333333333334
2022-08-31,海光信息,EQ,51.74,52.0,53.76,50.0,50.18,50.18,51.31333333333333
2022-09-01,海光信息,EQ,50.18,57.1,59.8,53.85,54.47,54.47,56.04
2022-09-02,海光信息,EQ,54.47,54.91,59.8,54.91,56.1,56.1,56.93666666666667
2022-09-05,海光信息,EQ,56.1,55.1,55.62,51.27,52.17,52.17,53.02
2022-09-06,海光信息,EQ,52.17,52.95,53.58,51.34,53.3,53.3,52.74
2022-09-07,海光信息,EQ,53.3,53.6,57.29,53.3,54.87,54.87,55.153333333333336
2022-09-08,海光信息,EQ,54.87,54.86,57.2,54.51,56.62,56.62,56.11000000000001
2022-09-09,海光信息,EQ,56.62,57.01,57.48,54.92,55.8,55.8,56.06666666666666
2022-09-13,海光信息,EQ,55.8,56.19,58.22,55.58,55.81,55.81,56.53666666666667
2022-09-14,海光信息,EQ,55.81,55.0,59.49,54.33,59.21,59.21,57.67666666666667
2022-09-15,海光信息,EQ,59.21,58.51,61.4,55.8,56.2,56.2,57.79999999999999
2022-09-16,海光信息,EQ,56.2,55.89,65.2,55.67,62.6,62.6,61.156666666666666
2022-09-19,海光信息,EQ,62.6,62.6,68.03,62.08,62.87,62.87,64.32666666666667
2022-09-20,海光信息,EQ,62.87,63.5,64.88,61.01,62.71,62.71,62.86666666666667
2022-09-21,海光信息,EQ,62.71,62.5,63.0,60.06,60.81,60.81,61.29
2022-09-22,海光信息,EQ,60.81,60.58,65.59,60.4,63.34,63.34,63.11000000000001
2022-09-23,海光信息,EQ,63.34,62.79,64.34,60.8,61.12,61.12,62.086666666666666
2022-09-26,海光信息,EQ,61.12,60.31,62.36,59.33,60.3,60.3,60.663333333333334
2022-09-27,海光信息,EQ,60.3,60.3,61.75,58.11,61.75,61.75,60.53666666666667
2022-09-28,海光信息,EQ,61.75,60.8,61.05,57.37,58.19,58.19,58.87
2022-09-29,海光信息,EQ,58.19,58.92,61.58,58.0,60.9,60.9,60.16
2022-09-30,海光信息,EQ,60.9,60.78,61.98,58.81,58.82,58.82,59.87
2022-10-10,海光信息,EQ,58.82,55.9,55.9,47.06,47.06,47.06,50.00666666666667
2022-10-11,海光信息,EQ,47.06,45.97,46.45,37.73,38.0,38.0,40.72666666666667
2022-10-12,海光信息,EQ,38.0,37.19,39.03,36.22,38.55,38.55,37.93333333333333
2022-10-13,海光信息,EQ,38.55,37.8,40.64,37.45,38.8,38.8,38.96333333333333
2022-10-14,海光信息,EQ,38.8,39.2,39.46,37.49,38.92,38.92,38.623333333333335
2022-10-17,海光信息,EQ,38.92,38.11,41.2,38.03,40.58,40.58,39.93666666666667
2022-10-18,海光信息,EQ,40.58,40.15,40.49,39.35,39.76,39.76,39.86666666666667
2022-10-19,海光信息,EQ,39.76,39.49,40.17,37.6,37.8,37.8,38.52333333333333
2022-10-20,海光信息,EQ,37.8,37.4,41.86,37.2,39.7,39.7,39.586666666666666
2022-10-21,海光信息,EQ,39.7,39.0,39.0,37.8,38.35,38.35,38.38333333333333
2022-10-24,海光信息,EQ,38.35,38.35,39.99,38.29,38.8,38.8,39.026666666666664
2022-10-25,海光信息,EQ,38.8,38.59,39.76,37.76,38.89,38.89,38.803333333333335
2022-10-26,海光信息,EQ,38.89,39.11,40.3,38.1,39.94,39.94,39.446666666666665
2022-10-27,海光信息,EQ,39.94,40.45,40.5,38.68,39.4,39.4,39.52666666666667
2022-10-28,海光信息,EQ,39.4,39.26,40.37,38.8,38.95,38.95,39.37333333333333
2022-10-31,海光信息,EQ,38.95,39.18,46.29,39.11,44.68,44.68,43.36000000000001
2022-11-01,海光信息,EQ,44.68,44.0,46.15,43.89,45.07,45.07,45.03666666666666
2022-11-02,海光信息,EQ,45.07,45.09,46.2,44.21,44.58,44.58,44.99666666666667
2022-11-03,海光信息,EQ,44.58,44.57,45.47,43.61,44.91,44.91,44.663333333333334
2022-11-04,海光信息,EQ,44.91,44.11,44.87,43.1,44.34,44.34,44.10333333333333
2022-11-07,海光信息,EQ,44.34,44.0,44.25,42.58,43.59,43.59,43.473333333333336
2022-11-08,海光信息,EQ,43.59,43.58,48.13,43.58,47.03,47.03,46.24666666666667
2022-11-09,海光信息,EQ,47.03,47.0,50.37,46.97,49.39,49.39,48.910000000000004
2022-11-10,海光信息,EQ,49.39,48.7,49.3,46.09,46.25,46.25,47.21333333333333
2022-11-11,海光信息,EQ,46.25,47.88,47.9,46.01,46.6,46.6,46.836666666666666
2022-11-14,海光信息,EQ,46.6,46.68,46.8,44.54,45.6,45.6,45.64666666666667
2022-11-15,海光信息,EQ,45.6,45.6,48.55,45.13,47.56,47.56,47.080000000000005
2022-11-16,海光信息,EQ,47.56,47.95,47.95,45.56,45.77,45.77,46.42666666666667
2022-11-17,海光信息,EQ,45.77,45.46,47.38,44.7,46.89,46.89,46.323333333333345
2022-11-18,海光信息,EQ,46.89,46.51,47.38,45.42,45.75,45.75,46.18333333333334
2022-11-21,海光信息,EQ,45.75,45.11,46.39,45.11,45.74,45.74,45.74666666666667
2022-11-22,海光信息,EQ,45.74,45.68,46.98,45.0,45.53,45.53,45.836666666666666
2022-11-23,海光信息,EQ,45.53,45.58,45.91,41.99,43.6,43.6,43.833333333333336
2022-11-24,海光信息,EQ,43.6,43.56,44.67,43.42,43.98,43.98,44.02333333333333
2022-11-25,海光信息,EQ,43.98,43.6,45.15,43.02,43.46,43.46,43.876666666666665
2022-11-28,海光信息,EQ,43.46,42.7,43.59,41.66,41.91,41.91,42.38666666666666
2022-11-29,海光信息,EQ,41.91,41.85,42.72,41.58,42.12,42.12,42.13999999999999
2022-11-30,海光信息,EQ,42.12,42.18,42.3,41.06,41.44,41.44,41.6
2022-12-01,海光信息,EQ,41.44,42.09,43.5,41.96,42.71,42.71,42.723333333333336
2022-12-02,海光信息,EQ,42.71,42.4,44.5,42.31,43.25,43.25,43.35333333333333
2022-12-05,海光信息,EQ,43.25,43.88,44.17,42.92,43.65,43.65,43.580000000000005
2022-12-06,海光信息,EQ,43.65,43.15,46.5,43.15,45.07,45.07,44.906666666666666
2022-12-07,海光信息,EQ,45.07,45.0,45.74,44.58,45.2,45.2,45.173333333333325
2022-12-08,海光信息,EQ,45.2,45.0,46.15,44.6,45.28,45.28,45.343333333333334
2022-12-09,海光信息,EQ,45.28,45.14,46.77,45.04,45.75,45.75,45.85333333333333
2022-12-12,海光信息,EQ,45.75,45.36,47.35,44.95,46.21,46.21,46.17000000000001
2022-12-13,海光信息,EQ,46.21,46.03,46.33,44.8,44.89,44.89,45.339999999999996
2022-12-14,海光信息,EQ,44.89,46.42,46.65,44.6,44.61,44.61,45.28666666666667
2022-12-15,海光信息,EQ,44.61,44.26,45.63,44.12,44.24,44.24,44.663333333333334
2022-12-16,海光信息,EQ,44.24,44.26,44.26,42.85,43.11,43.11,43.406666666666666
2022-12-19,海光信息,EQ,43.11,43.05,43.28,41.6,41.84,41.84,42.24
2022-12-20,海光信息,EQ,41.84,41.96,42.42,41.43,41.83,41.83,41.89333333333333
2022-12-21,海光信息,EQ,41.83,41.83,41.84,40.2,40.51,40.51,40.85
2022-12-22,海光信息,EQ,40.51,40.8,40.96,39.7,39.76,39.76,40.13999999999999
2022-12-23,海光信息,EQ,39.76,39.6,40.38,39.25,40.08,40.08,39.90333333333333
2022-12-26,海光信息,EQ,40.08,40.08,41.56,40.06,41.2,41.2,40.940000000000005
2022-12-27,海光信息,EQ,41.2,41.22,41.7,40.55,41.33,41.33,41.193333333333335
2022-12-28,海光信息,EQ,41.33,41.3,41.3,40.32,40.48,40.48,40.699999999999996
2022-12-29,海光信息,EQ,40.48,40.6,41.13,40.08,40.6,40.6,40.60333333333333
2022-12-30,海光信息,EQ,40.6,40.84,41.18,40.08,40.12,40.12,40.46
2023-01-03,海光信息,EQ,40.12,40.8,42.45,40.23,42.02,42.02,41.56666666666667
2023-01-04,海光信息,EQ,42.02,42.15,42.88,41.0,41.05,41.05,41.64333333333333
2023-01-05,海光信息,EQ,41.05,41.01,41.66,40.4,41.47,41.47,41.17666666666667
2023-01-06,海光信息,EQ,41.47,41.29,43.43,41.01,42.37,42.37,42.27
2023-01-09,海光信息,EQ,42.37,42.38,42.96,41.24,41.99,41.99,42.06333333333333
2023-01-10,海光信息,EQ,41.99,42.33,43.28,42.03,42.21,42.21,42.50666666666667
2023-01-11,海光信息,EQ,42.21,42.16,43.04,41.43,41.49,41.49,41.98666666666667
2023-01-12,海光信息,EQ,41.49,41.53,41.59,40.63,40.71,40.71,40.97666666666667
2023-01-13,海光信息,EQ,40.71,40.86,41.17,40.2,40.62,40.62,40.663333333333334
2023-01-16,海光信息,EQ,40.62,40.4,41.88,40.3,41.61,41.61,41.263333333333335
2023-01-17,海光信息,EQ,41.61,42.48,42.8,40.3,41.8,41.8,41.63333333333333
2023-01-18,海光信息,EQ,41.8,41.9,42.5,41.13,41.99,41.99,41.873333333333335
2023-01-19,海光信息,EQ,41.99,41.75,45.44,41.74,44.9,44.9,44.02666666666667
2023-01-20,海光信息,EQ,44.9,44.64,45.4,44.41,44.98,44.98,44.93
2023-01-30,海光信息,EQ,44.98,45.3,45.6,43.98,44.2,44.2,44.593333333333334
2023-01-31,海光信息,EQ,44.2,44.1,44.47,42.63,43.01,43.01,43.37
2023-02-01,海光信息,EQ,43.01,43.11,43.88,42.86,43.8,43.8,43.51333333333334
2023-02-02,海光信息,EQ,43.8,44.22,46.8,44.11,45.78,45.78,45.56333333333333
2023-02-03,海光信息,EQ,45.78,45.47,47.7,44.75,47.68,47.68,46.71
2023-02-06,海光信息,EQ,47.68,47.77,50.02,46.38,49.1,49.1,48.5
2023-02-07,海光信息,EQ,49.1,48.4,51.51,48.19,49.66,49.66,49.78666666666666
2023-02-08,海光信息,EQ,49.66,49.99,50.78,47.1,47.23,47.23,48.37
2023-02-09,海光信息,EQ,47.23,46.99,55.3,46.46,53.51,53.51,51.75666666666666
2023-02-10,海光信息,EQ,53.51,53.0,53.5,50.44,50.59,50.59,51.51
2023-02-13,海光信息,EQ,50.59,51.0,54.72,50.3,52.52,52.52,52.51333333333333
2023-02-14,海光信息,EQ,52.52,53.83,55.36,52.49,53.17,53.17,53.673333333333325
2023-02-15,海光信息,EQ,53.17,53.16,57.01,51.37,56.21,56.21,54.86333333333334
2023-02-16,海光信息,EQ,56.21,55.03,56.68,50.91,51.5,51.5,53.03
2023-02-17,海光信息,EQ,51.5,51.2,51.96,48.0,48.43,48.43,49.46333333333334
2023-02-20,海光信息,EQ,48.43,48.51,52.48,48.03,51.9,51.9,50.803333333333335
2023-02-21,海光信息,EQ,51.9,51.18,52.19,49.01,49.99,49.99,50.39666666666667
2023-02-22,海光信息,EQ,49.99,49.5,50.97,49.01,50.17,50.17,50.04999999999999
2023-02-23,海光信息,EQ,50.17,50.32,51.43,49.6,50.18,50.18,50.403333333333336
2023-02-24,海光信息,EQ,50.18,51.0,55.18,51.0,52.03,52.03,52.73666666666667
2023-02-27,海光信息,EQ,52.03,52.03,52.69,49.6,50.48,50.48,50.923333333333325
2023-02-28,海光信息,EQ,50.48,51.6,53.35,50.3,51.88,51.88,51.843333333333334
2023-03-01,海光信息,EQ,51.88,51.4,54.4,51.4,53.5,53.5,53.1
2023-03-02,海光信息,EQ,53.5,52.98,54.35,52.51,53.03,53.03,53.29666666666666
2023-03-03,海光信息,EQ,53.03,54.09,56.66,50.88,55.31,55.31,54.28333333333333
2023-03-06,海光信息,EQ,55.31,54.9,56.99,54.22,55.39,55.39,55.53333333333334
2023-03-07,海光信息,EQ,55.39,54.75,55.28,52.18,52.26,52.26,53.24
2023-03-08,海光信息,EQ,52.26,52.31,53.79,52.25,53.16,53.16,53.06666666666666
2023-03-09,海光信息,EQ,53.16,52.88,53.94,51.73,52.89,52.89,52.85333333333333
2023-03-10,海光信息,EQ,52.89,52.5,53.82,52.35,52.35,52.35,52.84
2023-03-13,海光信息,EQ,52.35,51.99,53.8,51.8,53.55,53.55,53.04999999999999
2023-03-14,海光信息,EQ,53.55,52.97,56.0,52.83,55.0,55.0,54.60999999999999
2023-03-15,海光信息,EQ,55.0,55.41,55.78,53.5,53.63,53.63,54.303333333333335
2023-03-16,海光信息,EQ,53.63,52.87,54.17,52.5,53.03,53.03,53.23333333333333
2023-03-17,海光信息,EQ,53.03,53.9,59.58,53.72,57.5,57.5,56.93333333333334
2023-03-20,海光信息,EQ,57.5,57.78,62.4,56.92,60.42,60.42,59.913333333333334
2023-03-21,海光信息,EQ,60.42,60.11,63.38,58.99,61.6,61.6,61.32333333333333
2023-03-22,海光信息,EQ,61.6,61.18,66.9,60.0,65.93,65.93,64.27666666666667
2023-03-23,海光信息,EQ,65.93,64.6,70.44,63.8,66.2,66.2,66.81333333333333
2023-03-24,海光信息,EQ,66.2,66.87,68.18,63.8,66.25,66.25,66.07666666666667
2023-03-27,海光信息,EQ,66.25,65.2,67.5,60.6,63.26,63.26,63.78666666666666
2023-03-28,海光信息,EQ,63.26,64.15,66.55,62.5,64.9,64.9,64.65
2023-03-29,海光信息,EQ,64.9,64.03,77.88,64.0,74.5,74.5,72.12666666666667
2023-03-30,海光信息,EQ,74.5,75.16,81.5,74.13,76.5,76.5,77.37666666666667
2023-03-31,海光信息,EQ,76.5,75.0,77.77,71.8,77.17,77.17,75.58
2023-04-03,海光信息,EQ,77.17,77.4,87.27,76.3,84.8,84.8,82.79
2023-04-04,海光信息,EQ,84.8,82.2,90.9,80.8,85.88,85.88,85.86
2023-04-06,海光信息,EQ,85.88,83.38,87.58,80.99,81.23,81.23,83.26666666666667
2023-04-07,海光信息,EQ,81.23,82.07,83.47,79.7,81.65,81.65,81.60666666666667
2023-04-10,海光信息,EQ,81.65,80.5,81.63,73.62,74.8,74.8,76.68333333333334
2023-04-11,海光信息,EQ,74.8,75.61,77.02,71.95,76.0,76.0,74.99
2023-04-12,海光信息,EQ,76.0,75.39,84.5,73.78,82.69,82.69,80.32333333333334
2023-04-13,海光信息,EQ,82.69,81.0,83.95,75.18,76.22,76.22,78.45
2023-04-14,海光信息,EQ,76.22,78.12,78.45,73.1,77.04,77.04,76.19666666666667
2023-04-17,海光信息,EQ,77.04,76.5,81.5,75.2,80.13,80.13,78.94333333333333
2023-04-18,海光信息,EQ,80.13,79.0,84.5,76.15,82.6,82.6,81.08333333333333
2023-04-19,海光信息,EQ,82.6,82.0,99.0,82.0,90.55,90.55,90.51666666666667
2023-04-20,海光信息,EQ,90.55,93.8,98.5,91.48,97.3,97.3,95.76
2023-04-21,海光信息,EQ,97.3,95.15,95.15,88.18,91.39,91.39,91.57333333333334
2023-04-24,海光信息,EQ,91.39,91.39,91.74,84.57,89.27,89.27,88.52666666666666
2023-04-25,海光信息,EQ,89.27,89.0,102.0,86.71,98.75,98.75,95.82
2023-04-26,海光信息,EQ,98.75,97.0,101.29,88.7,92.49,92.49,94.16000000000001
2023-04-27,海光信息,EQ,92.49,90.08,95.0,84.35,87.3,87.3,88.88333333333333
2023-04-28,海光信息,EQ,87.3,87.01,95.0,86.5,94.15,94.15,91.88333333333333
2023-05-04,海光信息,EQ,94.15,92.66,94.97,88.91,92.15,92.15,92.00999999999999
2023-05-05,海光信息,EQ,92.15,92.08,98.99,89.3,92.24,92.24,93.50999999999999
2023-05-08,海光信息,EQ,92.24,91.8,94.2,85.84,88.66,88.66,89.56666666666668
2023-05-09,海光信息,EQ,88.66,88.67,93.0,85.88,88.9,88.9,89.25999999999999
2023-05-10,海光信息,EQ,88.9,87.28,89.86,76.8,77.49,77.49,81.38333333333333
2023-05-11,海光信息,EQ,77.49,77.77,78.95,75.5,75.95,75.95,76.8
2023-05-12,海光信息,EQ,75.95,75.95,78.18,74.42,74.42,74.42,75.67333333333335
2023-05-15,海光信息,EQ,74.42,75.0,76.98,72.5,76.5,76.5,75.32666666666667
2023-05-16,海光信息,EQ,76.5,76.0,77.39,74.08,74.17,74.17,75.21333333333332
2023-05-17,海光信息,EQ,74.17,73.88,78.39,73.68,76.83,76.83,76.3
2023-05-18,海光信息,EQ,76.83,78.0,83.41,77.83,81.33,81.33,80.85666666666667
2023-05-19,海光信息,EQ,81.33,82.19,87.68,80.9,80.9,80.9,83.16000000000001
2023-05-22,海光信息,EQ,80.9,79.82,83.26,76.64,78.01,78.01,79.30333333333334
2023-05-23,海光信息,EQ,78.01,77.49,78.35,76.31,77.27,77.27,77.31
2023-05-24,海光信息,EQ,77.27,76.48,79.66,74.68,76.83,76.83,77.05666666666667
2023-05-25,海光信息,EQ,76.83,81.2,83.45,76.8,81.0,81.0,80.41666666666667
2023-05-26,海光信息,EQ,81.0,80.38,87.9,79.9,86.51,86.51,84.77
2023-05-29,海光信息,EQ,86.51,88.81,89.39,84.7,86.37,86.37,86.82000000000001
2023-05-30,海光信息,EQ,86.37,85.01,92.0,84.64,90.92,90.92,89.18666666666667
2023-05-31,海光信息,EQ,90.92,89.95,93.52,89.3,92.73,92.73,91.85000000000001
2023-06-01,海光信息,EQ,92.73,90.88,94.88,86.12,87.3,87.3,89.43333333333334
2023-06-02,海光信息,EQ,87.3,88.0,88.88,82.21,83.2,83.2,84.76333333333332
2023-06-05,海光信息,EQ,83.2,83.11,84.45,82.28,83.5,83.5,83.41000000000001
2023-06-06,海光信息,EQ,83.5,82.62,83.58,78.06,79.39,79.39,80.34333333333332
2023-06-07,海光信息,EQ,79.39,79.32,81.01,77.17,79.88,79.88,79.35333333333334
2023-06-08,海光信息,EQ,79.88,78.5,78.65,75.6,77.25,77.25,77.16666666666667
2023-06-09,海光信息,EQ,77.25,77.47,78.43,73.06,77.81,77.81,76.43333333333334
2023-06-12,海光信息,EQ,77.81,77.79,81.1,77.75,78.39,78.39,79.08
2023-06-13,海光信息,EQ,78.39,78.82,82.32,73.89,80.78,80.78,78.99666666666666
2023-06-14,海光信息,EQ,80.78,79.71,82.64,78.01,81.48,81.48,80.71
2023-06-15,海光信息,EQ,81.48,81.38,81.99,75.58,75.78,75.78,77.78333333333333
2023-06-16,海光信息,EQ,75.78,74.98,77.52,72.01,77.08,77.08,75.53666666666668
2023-06-19,海光信息,EQ,77.08,76.95,80.84,75.28,80.01,80.01,78.71
2023-06-20,海光信息,EQ,80.01,81.68,84.49,77.4,83.97,83.97,81.95333333333333
2023-06-21,海光信息,EQ,83.97,82.12,82.3,76.4,76.4,76.4,78.36666666666666
2023-06-26,海光信息,EQ,76.4,74.0,75.98,69.0,69.44,69.44,71.47333333333334
2023-06-27,海光信息,EQ,69.44,69.39,70.5,68.6,68.72,68.72,69.27333333333333
2023-06-28,海光信息,EQ,68.72,73.0,74.0,68.92,70.0,70.0,70.97333333333334
2023-06-29,海光信息,EQ,70.0,70.0,70.47,66.7,68.01,68.01,68.39333333333333
2023-06-30,海光信息,EQ,68.01,67.01,69.78,66.88,68.27,68.27,68.31
2023-07-03,海光信息,EQ,68.27,68.11,70.45,66.01,69.6,69.6,68.68666666666667
2023-07-04,海光信息,EQ,69.6,69.17,71.99,68.56,71.15,71.15,70.56666666666668
2023-07-05,海光信息,EQ,71.15,71.17,71.5,69.21,69.29,69.29,70.0
2023-07-06,海光信息,EQ,69.29,68.8,71.18,68.7,69.5,69.5,69.79333333333334
2023-07-07,海光信息,EQ,69.5,68.9,69.46,66.81,67.05,67.05,67.77333333333333
2023-07-10,海光信息,EQ,67.05,68.2,71.35,67.79,70.35,70.35,69.83
2023-07-11,海光信息,EQ,70.35,71.17,79.83,71.17,77.8,77.8,76.26666666666667
2023-07-12,海光信息,EQ,77.8,78.3,79.0,74.5,74.94,74.94,76.14666666666666
2023-07-13,海光信息,EQ,74.94,76.5,77.41,74.0,76.94,76.94,76.11666666666666
2023-07-14,海光信息,EQ,76.94,76.99,81.88,76.99,78.4,78.4,79.09
2023-07-17,海光信息,EQ,78.4,77.15,79.41,74.0,76.1,76.1,76.50333333333333
2023-07-18,海光信息,EQ,76.1,75.93,76.24,73.03,73.16,73.16,74.14333333333333
2023-07-19,海光信息,EQ,73.16,73.24,74.22,71.69,71.95,71.95,72.62
2023-07-20,海光信息,EQ,71.95,72.0,72.27,68.38,68.53,68.53,69.72666666666666
2023-07-21,海光信息,EQ,68.53,67.94,67.94,61.02,61.4,61.4,63.45333333333334
2023-07-24,海光信息,EQ,61.4,61.0,63.09,60.29,61.2,61.2,61.526666666666664
2023-07-25,海光信息,EQ,61.2,61.97,62.45,59.62,60.4,60.4,60.82333333333333
2023-07-26,海光信息,EQ,60.4,60.57,61.0,58.8,59.15,59.15,59.65
2023-07-27,海光信息,EQ,59.15,58.74,59.28,57.23,57.28,57.28,57.93
2023-07-28,海光信息,EQ,57.28,57.1,58.0,56.71,56.86,56.86,57.19
2023-07-31,海光信息,EQ,56.86,57.05,57.91,56.1,57.09,57.09,57.03333333333333
2023-08-01,海光信息,EQ,57.09,57.12,58.95,55.7,58.94,58.94,57.86333333333334
2023-08-02,海光信息,EQ,58.94,58.12,61.8,57.8,60.72,60.72,60.10666666666666
2023-08-03,海光信息,EQ,60.72,60.1,64.31,60.09,63.29,63.29,62.56333333333333
2023-08-04,海光信息,EQ,63.29,63.0,63.98,62.66,63.52,63.52,63.38666666666666
2023-08-07,海光信息,EQ,63.52,63.3,64.98,63.0,64.4,64.4,64.12666666666667
2023-08-08,海光信息,EQ,64.4,64.4,64.99,63.19,64.34,64.34,64.17333333333333
2023-08-09,海光信息,EQ,64.34,64.3,64.56,61.0,61.0,61.0,62.18666666666667
2023-08-10,海光信息,EQ,61.0,60.05,61.95,58.5,58.87,58.87,59.77333333333333
2023-08-11,海光信息,EQ,58.87,59.18,59.57,55.2,55.27,55.27,56.68000000000001
2023-08-14,海光信息,EQ,55.27,54.0,54.5,51.55,53.8,53.8,53.28333333333333
2023-08-15,海光信息,EQ,53.8,54.72,54.92,52.16,52.6,52.6,53.22666666666667
2023-08-16,海光信息,EQ,52.6,52.88,52.88,50.8,51.0,51.0,51.56
2023-08-17,海光信息,EQ,51.0,51.0,51.6,50.0,50.68,50.68,50.76
2023-08-18,海光信息,EQ,50.68,51.0,51.68,50.13,50.13,50.13,50.64666666666667
2023-08-21,海光信息,EQ,50.13,50.12,51.87,49.41,50.34,50.34,50.54
2023-08-22,海光信息,EQ,50.34,51.35,52.16,49.88,51.8,51.8,51.279999999999994
2023-08-23,海光信息,EQ,51.8,51.52,51.52,49.68,49.9,49.9,50.36666666666667
2023-08-24,海光信息,EQ,49.9,51.0,51.78,50.5,50.69,50.69,50.99
2023-08-25,海光信息,EQ,50.69,50.81,51.73,49.31,49.66,49.66,50.23333333333333
2023-08-28,海光信息,EQ,49.66,54.9,54.91,50.42,50.77,50.77,52.03333333333333
2023-08-29,海光信息,EQ,50.77,50.5,53.49,49.98,53.02,53.02,52.163333333333334
2023-08-30,海光信息,EQ,53.02,53.78,57.26,53.21,56.54,56.54,55.669999999999995
2023-08-31,海光信息,EQ,56.54,55.92,62.3,55.19,59.19,59.19,58.89333333333334
2023-09-01,海光信息,EQ,59.19,59.19,61.39,58.43,59.31,59.31,59.71
2023-09-04,海光信息,EQ,59.31,59.96,61.23,58.58,61.1,61.1,60.303333333333335
2023-09-05,海光信息,EQ,61.1,62.4,62.44,58.13,58.13,58.13,59.56666666666666
2023-09-06,海光信息,EQ,58.13,57.9,60.48,57.6,60.0,60.0,59.35999999999999
2023-09-07,海光信息,EQ,60.0,59.53,60.1,57.93,58.08,58.08,58.70333333333334
2023-09-08,海光信息,EQ,58.08,57.51,59.4,57.2,57.24,57.24,57.946666666666665
2023-09-11,海光信息,EQ,57.24,57.0,60.12,56.19,58.3,58.3,58.20333333333334
2023-09-12,海光信息,EQ,58.3,57.98,58.57,56.72,56.76,56.76,57.349999999999994
2023-09-13,海光信息,EQ,56.76,56.4,56.8,54.87,55.33,55.33,55.666666666666664
2023-09-14,海光信息,EQ,55.33,55.49,55.6,53.25,53.69,53.69,54.18
2023-09-15,海光信息,EQ,53.69,54.0,54.87,52.6,52.85,52.85,53.44
2023-09-18,海光信息,EQ,52.85,52.09,53.56,51.95,52.95,52.95,52.82
2023-09-19,海光信息,EQ,52.95,53.0,53.5,51.78,52.07,52.07,52.449999999999996
2023-09-20,海光信息,EQ,52.07,52.0,53.48,51.28,51.39,51.39,52.04999999999999
2023-09-21,海光信息,EQ,51.39,51.01,52.08,51.01,51.3,51.3,51.46333333333333
2023-09-22,海光信息,EQ,51.3,51.2,54.46,51.1,54.26,54.26,53.27333333333333
2023-09-25,海光信息,EQ,54.26,53.9,54.11,52.35,52.57,52.57,53.01
2023-09-26,海光信息,EQ,52.57,52.66,55.11,52.43,53.46,53.46,53.666666666666664
2023-09-27,海光信息,EQ,53.46,53.88,54.5,53.19,54.0,54.0,53.89666666666667
2023-09-28,海光信息,EQ,54.0,54.27,54.59,53.11,53.98,53.98,53.89333333333334
2023-10-09,海光信息,EQ,53.98,53.14,53.5,51.7,53.06,53.06,52.75333333333333
2023-10-10,海光信息,EQ,53.06,53.58,54.6,53.21,53.94,53.94,53.916666666666664
2023-10-11,海光信息,EQ,53.94,54.12,55.55,52.88,55.02,55.02,54.48333333333334
2023-10-12,海光信息,EQ,55.02,55.22,55.5,53.87,55.0,55.0,54.79
2023-10-13,海光信息,EQ,55.0,54.43,55.05,52.82,53.51,53.51,53.79333333333333
2023-10-16,海光信息,EQ,53.51,53.1,53.47,50.88,51.89,51.89,52.080000000000005
2023-10-17,海光信息,EQ,51.89,52.2,53.1,51.63,52.54,52.54,52.42333333333334
2023-10-18,海光信息,EQ,52.54,55.3,57.46,54.55,55.51,55.51,55.839999999999996
2023-10-19,海光信息,EQ,55.51,54.87,60.91,54.87,59.06,59.06,58.28
2023-10-20,海光信息,EQ,59.06,59.06,60.7,57.58,59.22,59.22,59.166666666666664
2023-10-23,海光信息,EQ,59.22,58.62,61.15,56.88,59.15,59.15,59.06
2023-10-24,海光信息,EQ,59.15,59.3,59.55,55.0,57.16,57.16,57.23666666666666
2023-10-25,海光信息,EQ,57.16,59.0,61.68,58.35,60.98,60.98,60.336666666666666
2023-10-26,海光信息,EQ,60.98,59.95,60.6,58.67,60.1,60.1,59.79
2023-10-27,海光信息,EQ,60.1,59.62,60.16,57.57,59.44,59.44,59.056666666666665
2023-10-30,海光信息,EQ,59.44,59.1,62.98,58.23,62.8,62.8,61.336666666666666
2023-10-31,海光信息,EQ,62.8,61.7,62.59,60.86,61.97,61.97,61.80666666666667
2023-11-01,海光信息,EQ,61.97,61.73,67.5,61.44,64.8,64.8,64.58
2023-11-02,海光信息,EQ,64.8,65.7,67.78,63.61,64.38,64.38,65.25666666666666
2023-11-03,海光信息,EQ,64.38,63.65,66.77,63.38,66.65,66.65,65.60000000000001
2023-11-06,海光信息,EQ,66.65,67.39,68.01,65.66,65.9,65.9,66.52333333333334
2023-11-07,海光信息,EQ,65.9,65.9,68.76,64.9,67.97,67.97,67.21000000000001
2023-11-08,海光信息,EQ,67.97,69.8,71.26,67.07,68.8,68.8,69.04333333333334
2023-11-09,海光信息,EQ,68.8,68.01,69.5,64.8,65.0,65.0,66.43333333333334
2023-11-10,海光信息,EQ,65.0,63.7,66.23,63.58,65.02,65.02,64.94333333333333
2023-11-13,海光信息,EQ,65.02,64.84,66.4,64.11,65.4,65.4,65.30333333333333
2023-11-14,海光信息,EQ,65.4,65.4,69.0,64.91,68.54,68.54,67.48333333333333
2023-11-15,海光信息,EQ,68.54,69.23,69.83,66.82,67.42,67.42,68.02333333333333
2023-11-16,海光信息,EQ,67.42,67.2,68.24,66.22,66.22,66.22,66.89333333333333
2023-11-17,海光信息,EQ,66.22,65.85,67.22,64.83,66.12,66.12,66.05666666666667
2023-11-20,海光信息,EQ,66.12,65.82,68.65,65.28,68.19,68.19,67.37333333333333
2023-11-21,海光信息,EQ,68.19,67.85,68.58,66.8,67.1,67.1,67.49333333333333
2023-11-22,海光信息,EQ,67.1,67.12,68.98,66.4,67.33,67.33,67.57
2023-11-23,海光信息,EQ,67.33,67.15,67.67,64.11,67.31,67.31,66.36333333333333
2023-11-24,海光信息,EQ,67.31,66.8,67.36,62.79,63.43,63.43,64.52666666666667
2023-11-27,海光信息,EQ,63.43,64.0,67.35,63.71,67.31,67.31,66.12333333333333
2023-11-28,海光信息,EQ,67.31,67.4,71.21,67.3,70.74,70.74,69.75
2023-11-29,海光信息,EQ,70.74,70.06,73.18,70.06,70.6,70.6,71.28
2023-11-30,海光信息,EQ,70.6,71.79,71.8,69.9,71.77,71.77,71.15666666666665
2023-12-01,海光信息,EQ,71.77,71.2,73.46,70.89,71.9,71.9,72.08333333333333
2023-12-04,海光信息,EQ,71.9,71.91,74.5,71.91,72.71,72.71,73.04
2023-12-05,海光信息,EQ,72.71,71.55,74.28,70.37,72.85,72.85,72.5
2023-12-06,海光信息,EQ,72.85,72.85,75.78,72.4,75.59,75.59,74.59
2023-12-07,海光信息,EQ,75.59,74.99,75.38,71.96,73.16,73.16,73.49999999999999
2023-12-08,海光信息,EQ,73.16,73.99,82.0,73.9,80.34,80.34,78.74666666666667
2023-12-11,海光信息,EQ,80.34,78.01,83.5,77.5,82.22,82.22,81.07333333333334
2023-12-12,海光信息,EQ,82.22,81.13,83.61,79.7,80.67,80.67,81.32666666666667
2023-12-13,海光信息,EQ,80.67,80.99,81.44,76.81,77.65,77.65,78.63333333333334
2023-12-14,海光信息,EQ,77.65,78.13,78.54,75.08,75.6,75.6,76.40666666666667
2023-12-15,海光信息,EQ,75.6,75.91,76.31,73.65,73.84,73.84,74.60000000000001
2023-12-18,海光信息,EQ,73.84,73.34,76.38,73.33,75.23,75.23,74.98
2023-12-19,海光信息,EQ,75.23,74.87,76.67,74.11,76.1,76.1,75.62666666666667
2023-12-20,海光信息,EQ,76.1,76.07,76.5,74.3,74.52,74.52,75.10666666666667
2023-12-21,海光信息,EQ,74.52,73.71,78.65,73.42,77.17,77.17,76.41333333333334
2023-12-22,海光信息,EQ,77.17,76.8,77.6,74.33,75.31,75.31,75.74666666666667
2023-12-25,海光信息,EQ,75.31,74.21,74.94,67.67,72.61,72.61,71.74000000000001
2023-12-26,海光信息,EQ,72.61,72.85,73.13,70.36,71.0,71.0,71.49666666666667
2023-12-27,海光信息,EQ,71.0,71.25,72.58,70.4,70.48,70.48,71.15333333333335
2023-12-28,海光信息,EQ,70.48,70.05,71.93,69.81,70.31,70.31,70.68333333333334
2023-12-29,海光信息,EQ,70.31,70.5,71.74,69.36,70.98,70.98,70.69333333333333
2024-01-02,海光信息,EQ,70.98,70.77,73.39,70.13,72.36,72.36,71.96
2024-01-03,海光信息,EQ,72.36,73.5,74.17,71.77,72.67,72.67,72.87
2024-01-04,海光信息,EQ,72.67,71.75,75.15,69.3,74.9,74.9,73.11666666666666
2024-01-05,海光信息,EQ,74.9,74.11,74.97,70.58,71.73,71.73,72.42666666666668
2024-01-08,海光信息,EQ,71.73,70.99,71.54,68.39,68.41,68.41,69.44666666666667
2024-01-09,海光信息,EQ,68.41,69.5,70.8,68.3,69.17,69.17,69.42333333333333
2024-01-10,海光信息,EQ,69.17,68.61,70.38,67.03,67.99,67.99,68.46666666666665
2024-01-11,海光信息,EQ,67.99,67.13,69.77,67.06,68.8,68.8,68.54333333333334
2024-01-12,海光信息,EQ,68.8,68.16,68.44,65.41,65.41,65.41,66.42
2024-01-15,海光信息,EQ,65.41,64.8,67.45,64.61,66.0,66.0,66.02
2024-01-16,海光信息,EQ,66.0,65.36,66.43,64.43,66.22,66.22,65.69333333333334
2024-01-17,海光信息,EQ,66.22,66.6,67.55,65.56,65.77,65.77,66.29333333333334
2024-01-18,海光信息,EQ,65.77,65.0,69.96,64.86,69.89,69.89,68.23666666666666
2024-01-19,海光信息,EQ,69.89,69.86,70.2,67.98,69.83,69.83,69.33666666666666
2024-01-22,海光信息,EQ,69.83,70.53,71.69,68.28,70.39,70.39,70.12
2024-01-23,海光信息,EQ,70.39,69.51,73.51,67.5,73.1,73.1,71.36999999999999
2024-01-24,海光信息,EQ,73.1,72.11,73.59,69.88,72.9,72.9,72.12333333333333
2024-01-25,海光信息,EQ,72.9,72.9,74.01,70.9,73.2,73.2,72.70333333333333
2024-01-26,海光信息,EQ,73.2,72.51,73.16,70.36,70.63,70.63,71.38333333333333
2024-01-29,海光信息,EQ,70.63,72.15,74.67,69.83,70.0,70.0,71.5
2024-01-30,海光信息,EQ,70.0,68.66,68.93,65.0,65.35,65.35,66.42666666666666
2024-01-31,海光信息,EQ,65.35,64.7,68.2,64.59,66.27,66.27,66.35333333333334
2024-02-01,海光信息,EQ,66.27,65.5,71.13,65.0,68.9,68.9,68.34333333333333
2024-02-02,海光信息,EQ,68.9,68.9,69.43,65.29,68.32,68.32,67.68
2024-02-05,海光信息,EQ,68.32,68.52,71.03,65.61,69.7,69.7,68.77999999999999
2024-02-06,海光信息,EQ,69.7,69.54,76.37,68.08,76.3,76.3,73.58333333333333
2024-02-07,海光信息,EQ,76.3,76.6,77.06,74.7,75.75,75.75,75.83666666666666
2024-02-08,海光信息,EQ,75.75,77.0,79.56,75.19,76.72,76.72,77.15666666666667
2024-02-19,海光信息,EQ,76.72,80.6,88.32,79.02,86.0,86.0,84.44666666666666
2024-02-20,海光信息,EQ,86.0,84.21,84.9,81.44,82.39,82.39,82.91000000000001
2024-02-21,海光信息,EQ,82.39,80.22,81.76,78.42,79.76,79.76,79.98
2024-02-22,海光信息,EQ,79.76,82.5,86.27,81.77,82.83,82.83,83.62333333333333
2024-02-23,海光信息,EQ,82.83,86.24,86.95,80.7,81.4,81.4,83.01666666666667
2024-02-26,海光信息,EQ,81.4,80.18,84.61,79.78,82.15,82.15,82.17999999999999
2024-02-27,海光信息,EQ,82.15,81.3,88.62,80.73,88.0,88.0,85.78333333333335
2024-02-28,海光信息,EQ,88.0,87.1,89.32,83.28,83.28,83.28,85.29333333333334
2024-02-29,海光信息,EQ,83.28,82.5,86.98,82.5,85.12,85.12,84.86666666666667
2024-03-01,海光信息,EQ,85.12,86.33,88.33,85.08,87.49,87.49,86.96666666666665
2024-03-04,海光信息,EQ,87.49,89.1,89.76,83.85,86.28,86.28,86.63
2024-03-05,海光信息,EQ,86.28,84.82,90.26,84.13,86.3,86.3,86.89666666666666
2024-03-06,海光信息,EQ,86.3,85.0,85.81,82.98,84.42,84.42,84.40333333333335
2024-03-07,海光信息,EQ,84.42,84.6,85.27,80.75,80.9,80.9,82.30666666666666
2024-03-08,海光信息,EQ,80.9,81.41,82.59,79.77,82.3,82.3,81.55333333333334
2024-03-11,海光信息,EQ,82.3,82.2,84.8,81.11,83.81,83.81,83.24
2024-03-12,海光信息,EQ,83.81,83.0,83.5,79.57,80.0,80.0,81.02333333333333
2024-03-13,海光信息,EQ,80.0,81.38,82.55,79.66,79.7,79.7,80.63666666666666
2024-03-14,海光信息,EQ,79.7,78.7,81.3,78.4,80.75,80.75,80.14999999999999
2024-03-15,海光信息,EQ,80.75,80.06,80.7,78.5,80.7,80.7,79.96666666666665
2024-03-18,海光信息,EQ,80.7,80.68,84.29,80.37,83.19,83.19,82.61666666666667
2024-03-19,海光信息,EQ,83.19,82.5,82.5,80.5,80.65,80.65,81.21666666666667
2024-03-20,海光信息,EQ,80.65,80.65,81.7,79.8,80.19,80.19,80.56333333333333
2024-03-21,海光信息,EQ,80.19,80.3,81.5,78.88,79.22,79.22,79.86666666666666
2024-03-22,海光信息,EQ,79.22,78.9,81.4,78.9,80.12,80.12,80.14
2024-03-25,海光信息,EQ,80.12,80.1,83.1,79.45,80.5,80.5,81.01666666666667
2024-03-26,海光信息,EQ,80.5,80.1,80.71,76.08,76.29,76.29,77.69333333333333
2024-03-27,海光信息,EQ,76.29,76.31,78.17,74.5,75.23,75.23,75.96666666666668
2024-03-28,海光信息,EQ,75.23,75.53,78.5,75.21,76.79,76.79,76.83333333333333
2024-03-29,海光信息,EQ,76.79,76.39,77.57,75.38,77.26,77.26,76.73666666666666
2024-04-01,海光信息,EQ,77.26,78.39,79.82,77.6,78.48,78.48,78.63333333333333
2024-04-02,海光信息,EQ,78.48,78.0,79.12,76.5,77.26,77.26,77.62666666666667
2024-04-03,海光信息,EQ,77.26,76.31,77.21,74.33,74.5,74.5,75.34666666666666
2024-04-08,海光信息,EQ,74.5,74.5,75.55,74.0,74.01,74.01,74.52
2024-04-09,海光信息,EQ,74.01,74.26,75.86,72.71,75.79,75.79,74.78666666666668
2024-04-10,海光信息,EQ,75.79,75.3,75.59,73.18,73.55,73.55,74.10666666666667
2024-04-11,海光信息,EQ,73.55,73.55,74.9,72.55,74.01,74.01,73.82
2024-04-12,海光信息,EQ,74.01,77.61,79.75,76.66,77.99,77.99,78.13333333333333
2024-04-15,海光信息,EQ,77.99,77.6,79.5,76.99,78.66,78.66,78.38333333333334
2024-04-16,海光信息,EQ,78.66,78.0,78.8,76.38,77.85,77.85,77.67666666666666
2024-04-17,海光信息,EQ,77.85,78.3,80.67,77.2,80.04,80.04,79.30333333333334
2024-04-18,海光信息,EQ,80.04,79.23,81.28,78.48,79.3,79.3,79.68666666666667
2024-04-19,海光信息,EQ,79.3,79.0,79.13,75.5,75.5,75.5,76.71
2024-04-22,海光信息,EQ,75.5,72.26,74.33,70.3,73.35,73.35,72.66
2024-04-23,海光信息,EQ,73.35,74.02,74.48,71.45,71.62,71.62,72.51666666666667
2024-04-24,海光信息,EQ,71.62,72.6,75.63,72.47,75.29,75.29,74.46333333333332
2024-04-25,海光信息,EQ,75.29,74.58,75.48,74.18,74.7,74.7,74.78666666666668
2024-04-26,海光信息,EQ,74.7,76.03,79.66,76.03,79.16,79.16,78.28333333333333
2024-04-29,海光信息,EQ,79.16,79.84,81.28,79.17,79.92,79.92,80.12333333333333
2024-04-30,海光信息,EQ,79.92,80.09,80.58,78.58,79.25,79.25,79.47
2024-05-06,海光信息,EQ,79.25,80.5,80.96,78.8,79.24,79.24,79.66666666666667
2024-05-07,海光信息,EQ,79.24,79.51,80.68,76.5,76.58,76.58,77.92
2024-05-08,海光信息,EQ,76.58,76.2,77.25,75.51,76.36,76.36,76.37333333333333
2024-05-09,海光信息,EQ,76.36,76.01,77.08,75.5,76.56,76.56,76.38
2024-05-10,海光信息,EQ,76.56,76.01,76.11,72.7,72.9,72.9,73.90333333333334
2024-05-13,海光信息,EQ,72.9,71.5,73.27,71.38,72.02,72.02,72.22333333333331
2024-05-14,海光信息,EQ,72.02,72.42,72.99,71.0,71.7,71.7,71.89666666666666
2024-05-15,海光信息,EQ,71.7,71.7,72.12,71.03,71.18,71.18,71.44333333333334
2024-05-16,海光信息,EQ,71.18,71.98,73.73,71.1,72.54,72.54,72.45666666666666
2024-05-17,海光信息,EQ,72.54,72.19,74.37,71.44,73.87,73.87,73.22666666666667
2024-05-20,海光信息,EQ,73.87,73.43,75.27,72.61,73.87,73.87,73.91666666666667
2024-05-21,海光信息,EQ,73.87,74.1,74.79,71.88,72.02,72.02,72.89666666666666
2024-05-22,海光信息,EQ,72.02,71.9,72.79,70.8,72.51,72.51,72.03333333333335
2024-05-23,海光信息,EQ,72.51,72.74,72.88,71.05,71.32,71.32,71.75
2024-05-24,海光信息,EQ,71.32,71.32,72.08,67.62,67.68,67.68,69.12666666666667
2024-05-27,海光信息,EQ,67.68,68.0,70.75,67.9,70.66,70.66,69.77
2024-05-28,海光信息,EQ,70.66,70.9,73.3,70.38,70.38,70.38,71.35333333333334
2024-05-29,海光信息,EQ,70.38,70.93,70.99,68.88,69.54,69.54,69.80333333333334
2024-05-30,海光信息,EQ,69.54,69.21,70.58,68.63,69.51,69.51,69.57333333333332
2024-05-31,海光信息,EQ,69.51,70.0,71.51,69.21,71.3,71.3,70.67333333333333
2024-06-03,海光信息,EQ,71.3,70.51,71.48,69.85,71.11,71.11,70.81333333333333
2024-06-04,海光信息,EQ,71.11,71.1,71.89,70.75,71.54,71.54,71.39333333333333
2024-06-05,海光信息,EQ,71.54,71.54,72.79,70.87,70.87,70.87,71.51
2024-06-06,海光信息,EQ,70.87,71.69,72.11,68.3,69.3,69.3,69.90333333333332
2024-06-07,海光信息,EQ,69.3,69.58,70.15,67.3,68.14,68.14,68.52999999999999
2024-06-11,海光信息,EQ,68.14,68.04,71.47,67.5,71.42,71.42,70.13
2024-06-12,海光信息,EQ,71.42,71.01,71.96,70.5,70.94,70.94,71.13333333333333
2024-06-13,海光信息,EQ,70.94,71.49,72.93,70.7,71.94,71.94,71.85666666666667
2024-06-14,海光信息,EQ,71.94,71.71,73.14,70.98,73.14,73.14,72.42
2024-06-17,海光信息,EQ,73.14,72.8,74.67,72.37,73.56,73.56,73.53333333333335
2024-06-18,海光信息,EQ,73.56,73.5,76.75,73.12,74.63,74.63,74.83333333333333
2024-06-19,海光信息,EQ,74.63,74.7,76.16,74.16,75.32,75.32,75.21333333333332
2024-06-20,海光信息,EQ,75.32,75.32,76.06,74.17,74.9,74.9,75.04333333333334
2024-06-21,海光信息,EQ,74.9,74.67,76.74,73.0,76.74,76.74,75.49333333333334
2024-06-24,海光信息,EQ,76.74,75.99,77.0,73.36,73.62,73.62,74.66000000000001
2024-06-25,海光信息,EQ,73.62,73.63,73.99,70.54,71.16,71.16,71.89666666666666
2024-06-26,海光信息,EQ,71.16,71.16,73.1,69.92,72.65,72.65,71.89
2024-06-27,海光信息,EQ,72.65,71.7,72.18,70.51,71.05,71.05,71.24666666666667
2024-06-28,海光信息,EQ,71.05,70.52,71.9,70.23,70.32,70.32,70.81666666666666
2024-07-01,海光信息,EQ,70.32,70.2,71.3,69.09,70.47,70.47,70.28666666666666
2024-07-02,海光信息,EQ,70.47,70.1,71.25,69.52,71.04,71.04,70.60333333333334
2024-07-03,海光信息,EQ,71.04,70.6,71.98,69.71,71.2,71.2,70.96333333333332
2024-07-04,海光信息,EQ,71.2,71.58,71.7,68.91,68.92,68.92,69.84333333333335
2024-07-05,海光信息,EQ,68.92,68.9,72.4,67.72,71.5,71.5,70.54
2024-07-08,海光信息,EQ,71.5,71.47,71.72,70.52,70.98,70.98,71.07333333333334
2024-07-09,海光信息,EQ,70.98,70.6,73.67,70.05,73.11,73.11,72.27666666666666
2024-07-10,海光信息,EQ,73.11,72.96,73.29,72.28,72.82,72.82,72.79666666666667
2024-07-11,海光信息,EQ,72.82,74.45,74.6,72.02,72.99,72.99,73.20333333333333
2024-07-12,海光信息,EQ,72.99,72.08,72.3,69.76,70.59,70.59,70.88333333333334
2024-07-15,海光信息,EQ,70.59,70.68,72.95,70.68,72.0,72.0,71.87666666666667
2024-07-16,海光信息,EQ,72.0,71.52,78.55,71.52,77.84,77.84,75.97
2024-07-17,海光信息,EQ,77.84,77.33,78.66,76.06,76.62,76.62,77.11333333333333
2024-07-18,海光信息,EQ,76.62,75.35,76.49,73.1,75.36,75.36,74.98333333333333
2024-07-19,海光信息,EQ,75.36,75.01,79.16,74.93,78.22,78.22,77.43666666666667
2024-07-22,海光信息,EQ,78.22,78.22,80.18,77.88,78.66,78.66,78.90666666666667
2024-07-23,海光信息,EQ,78.66,78.47,78.58,75.13,75.3,75.3,76.33666666666666
2024-07-24,海光信息,EQ,75.3,75.2,77.61,75.01,75.44,75.44,76.02
2024-07-25,海光信息,EQ,75.44,74.3,76.49,74.3,74.8,74.8,75.19666666666666
2024-07-26,海光信息,EQ,74.8,75.12,75.89,73.73,74.31,74.31,74.64333333333333
2024-07-29,海光信息,EQ,74.31,74.51,74.66,73.08,73.85,73.85,73.86333333333333
2024-07-30,海光信息,EQ,73.85,73.73,75.06,72.49,75.0,75.0,74.18333333333334
2024-07-31,海光信息,EQ,75.0,74.55,79.87,74.4,79.5,79.5,77.92333333333333
2024-08-01,海光信息,EQ,79.5,81.01,81.3,79.11,79.66,79.66,80.02333333333333
2024-08-02,海光信息,EQ,79.66,78.2,79.42,77.57,77.97,77.97,78.32000000000001
2024-08-05,海光信息,EQ,77.97,77.5,77.5,73.45,73.81,73.81,74.92
2024-08-06,海光信息,EQ,73.81,75.18,75.4,72.81,74.87,74.87,74.36
2024-08-07,海光信息,EQ,74.87,74.87,74.88,71.18,71.64,71.64,72.56666666666666
2024-08-08,海光信息,EQ,71.64,70.7,73.43,70.51,72.38,72.38,72.10666666666667
2024-08-09,海光信息,EQ,72.38,73.4,73.77,72.01,72.01,72.01,72.59666666666668
2024-08-12,海光信息,EQ,72.01,71.96,74.14,71.7,73.7,73.7,73.18
2024-08-13,海光信息,EQ,73.7,73.79,74.98,72.9,73.51,73.51,73.79666666666667
2024-08-14,海光信息,EQ,73.51,74.09,74.65,73.26,73.57,73.57,73.82666666666667
2024-08-15,海光信息,EQ,73.57,73.48,78.0,73.05,76.6,76.6,75.88333333333334
2024-08-16,海光信息,EQ,76.6,76.59,77.66,76.37,76.84,76.84,76.95666666666666
2024-08-19,海光信息,EQ,76.84,76.98,78.23,76.51,76.84,76.84,77.19333333333334
2024-08-20,海光信息,EQ,76.84,77.3,77.38,75.3,75.65,75.65,76.11
2024-08-21,海光信息,EQ,75.65,75.1,78.1,75.1,76.98,76.98,76.72666666666667
2024-08-22,海光信息,EQ,76.98,76.8,78.2,76.55,77.3,77.3,77.35000000000001
2024-08-23,海光信息,EQ,77.3,76.85,77.69,75.5,76.25,76.25,76.48
2024-08-26,海光信息,EQ,76.25,76.25,77.0,74.66,74.88,74.88,75.51333333333334
2024-08-27,海光信息,EQ,74.88,74.43,76.05,74.2,75.3,75.3,75.18333333333334
2024-08-28,海光信息,EQ,75.3,75.59,75.89,74.47,74.71,74.71,75.02333333333333
2024-08-29,海光信息,EQ,74.71,74.4,75.83,73.41,75.0,75.0,74.74666666666667
2024-08-30,海光信息,EQ,75.0,75.19,80.0,74.8,79.39,79.39,78.06333333333333
2024-09-02,海光信息,EQ,79.39,78.91,80.33,77.78,77.87,77.87,78.66000000000001
2024-09-03,海光信息,EQ,77.87,77.87,78.87,77.1,77.32,77.32,77.76333333333334
2024-09-04,海光信息,EQ,77.32,76.33,77.28,76.1,76.47,76.47,76.61666666666666
2024-09-05,海光信息,EQ,76.47,76.57,78.18,73.8,74.7,74.7,75.56
2024-09-06,海光信息,EQ,74.7,75.2,78.27,74.0,76.18,76.18,76.14999999999999
2024-09-09,海光信息,EQ,76.18,76.0,78.02,75.72,76.4,76.4,76.71333333333334
2024-09-10,海光信息,EQ,76.4,76.4,79.88,76.03,78.9,78.9,78.27
2024-09-11,海光信息,EQ,78.9,78.5,79.57,78.35,79.2,79.2,79.04
2024-09-12,海光信息,EQ,79.2,79.6,80.09,76.02,76.1,76.1,77.40333333333334
2024-09-13,海光信息,EQ,76.1,76.08,78.72,76.08,77.98,77.98,77.59333333333335
2024-09-18,海光信息,EQ,77.98,77.1,77.36,74.28,74.73,74.73,75.45666666666666
2024-09-19,海光信息,EQ,74.73,75.65,76.27,73.9,75.92,75.92,75.36333333333334
2024-09-20,海光信息,EQ,75.92,76.0,76.19,74.4,75.92,75.92,75.50333333333333
2024-09-23,海光信息,EQ,75.92,75.11,76.35,74.63,75.51,75.51,75.49666666666667
2024-09-24,海光信息,EQ,75.51,76.67,79.05,75.61,78.12,78.12,77.59333333333333
2024-09-25,海光信息,EQ,78.12,79.43,80.0,78.5,78.75,78.75,79.08333333333333
2024-09-26,海光信息,EQ,78.75,78.8,81.18,77.75,80.99,80.99,79.97333333333334
2024-09-27,海光信息,EQ,80.99,82.0,86.79,81.2,86.09,86.09,84.69333333333334
2024-09-30,海光信息,EQ,86.09,90.09,103.28,90.08,103.28,103.28,98.88
2024-10-08,海光信息,EQ,103.28,123.94,123.94,118.0,123.94,123.94,121.96
2024-10-09,海光信息,EQ,123.94,120.19,148.7,118.0,131.0,131.0,132.56666666666666
2024-10-10,海光信息,EQ,131.0,133.98,144.0,119.32,131.03,131.03,131.45000000000002
2024-10-11,海光信息,EQ,131.03,125.02,130.79,121.21,123.7,123.7,125.23333333333333
2024-10-14,海光信息,EQ,123.7,124.99,125.5,116.45,124.2,124.2,122.05
2024-10-15,海光信息,EQ,124.2,124.0,124.3,116.99,117.0,117.0,119.42999999999999
2024-10-16,海光信息,EQ,117.0,115.0,117.99,113.0,113.57,113.57,114.85333333333334
2024-10-17,海光信息,EQ,113.57,121.94,122.0,116.18,116.18,116.18,118.12
2024-10-18,海光信息,EQ,116.18,117.0,138.89,115.15,132.99,132.99,129.01
2024-10-21,海光信息,EQ,132.99,136.0,146.88,129.06,131.3,131.3,135.74666666666667
2024-10-22,海光信息,EQ,131.3,128.0,132.0,125.0,128.11,128.11,128.37
2024-10-23,海光信息,EQ,128.11,127.0,129.5,124.66,125.02,125.02,126.39333333333333
2024-10-24,海光信息,EQ,125.02,122.52,126.35,122.01,123.8,123.8,124.05333333333334
2024-10-25,海光信息,EQ,123.8,125.88,125.96,120.65,122.0,122.0,122.87
2024-10-28,海光信息,EQ,122.0,121.0,124.21,120.48,122.57,122.57,122.42
2024-10-29,海光信息,EQ,122.57,123.33,132.17,121.6,126.53,126.53,126.76666666666665
2024-10-30,海光信息,EQ,126.53,124.8,128.56,124.01,125.19,125.19,125.92
2024-10-31,海光信息,EQ,125.19,125.65,129.78,124.38,128.42,128.42,127.52666666666666
2024-11-01,海光信息,EQ,128.42,127.0,129.7,123.81,123.88,123.88,125.79666666666667
2024-11-04,海光信息,EQ,123.88,121.99,124.84,121.5,124.45,124.45,123.59666666666668
2024-11-05,海光信息,EQ,124.45,124.0,131.5,123.35,129.28,129.28,128.04333333333332
2024-11-06,海光信息,EQ,129.28,131.24,136.95,127.4,133.19,133.19,132.51333333333335
2024-11-07,海光信息,EQ,133.19,132.0,143.99,131.0,141.75,141.75,138.91333333333333
2024-11-08,海光信息,EQ,141.75,145.88,149.8,135.69,136.99,136.99,140.82666666666668
2024-11-11,海光信息,EQ,136.99,133.5,142.97,131.1,139.05,139.05,137.70666666666668
2024-11-12,海光信息,EQ,139.05,136.0,137.39,129.32,129.41,129.41,132.04
2024-11-13,海光信息,EQ,129.41,127.44,132.9,127.1,131.51,131.51,130.50333333333333
2024-11-14,海光信息,EQ,131.51,129.8,132.9,126.38,126.7,126.7,128.66
2024-11-15,海光信息,EQ,126.7,126.21,128.61,121.9,121.9,121.9,124.13666666666667
2024-11-18,海光信息,EQ,121.9,122.9,126.79,121.35,123.11,123.11,123.75
2024-11-19,海光信息,EQ,123.11,123.22,127.78,122.37,127.2,127.2,125.78333333333335
2024-11-20,海光信息,EQ,127.2,127.21,129.75,125.1,126.54,126.54,127.13
2024-11-21,海光信息,EQ,126.54,125.6,131.44,125.51,128.5,128.5,128.48333333333332
2024-11-22,海光信息,EQ,128.5,128.7,132.22,123.17,123.9,123.9,126.42999999999999
2024-11-25,海光信息,EQ,123.9,124.05,125.2,116.17,118.26,118.26,119.87666666666667
2024-11-26,海光信息,EQ,118.26,117.97,119.45,117.11,118.1,118.1,118.21999999999998
2024-11-27,海光信息,EQ,118.1,116.9,123.8,116.3,123.2,123.2,121.10000000000001
2024-11-28,海光信息,EQ,123.2,123.95,128.8,122.44,126.0,126.0,125.74666666666667
2024-11-29,海光信息,EQ,126.0,125.61,129.0,123.1,125.81,125.81,125.96999999999998
2024-12-02,海光信息,EQ,125.81,126.45,130.33,126.04,126.89,126.89,127.75333333333333
2024-12-03,海光信息,EQ,126.89,127.65,127.87,123.79,125.37,125.37,125.67666666666668
2024-12-04,海光信息,EQ,125.37,128.51,133.7,127.0,128.89,128.89,129.86333333333332
2024-12-05,海光信息,EQ,128.89,127.6,129.8,126.76,128.02,128.02,128.19333333333336
2024-12-06,海光信息,EQ,128.02,128.6,132.4,126.3,129.81,129.81,129.50333333333333
2024-12-09,海光信息,EQ,129.81,129.99,130.76,127.27,128.99,128.99,129.00666666666666
2024-12-10,海光信息,EQ,128.99,137.0,137.88,130.01,130.3,130.3,132.73
2024-12-11,海光信息,EQ,130.3,129.39,130.42,123.88,124.38,124.38,126.22666666666665
2024-12-12,海光信息,EQ,124.38,123.88,127.68,123.8,126.8,126.8,126.09333333333335
2024-12-13,海光信息,EQ,126.8,125.29,127.86,123.4,123.81,123.81,125.02333333333333
2024-12-16,海光信息,EQ,123.81,122.01,124.9,119.5,123.42,123.42,122.60666666666667
2024-12-17,海光信息,EQ,123.42,123.5,123.89,121.42,121.81,121.81,122.37333333333333
2024-12-18,海光信息,EQ,121.81,121.5,122.86,120.71,121.2,121.2,121.58999999999999
2024-12-19,海光信息,EQ,121.2,120.55,130.89,119.52,128.78,128.78,126.39666666666665
2024-12-20,海光信息,EQ,128.78,128.0,133.28,127.78,131.06,131.06,130.70666666666668
2024-12-23,海光信息,EQ,131.06,132.09,141.5,131.06,136.7,136.7,136.42
2024-12-24,海光信息,EQ,136.7,138.49,141.21,134.5,140.75,140.75,138.82000000000002
2024-12-25,海光信息,EQ,140.75,147.5,161.22,147.5,156.6,156.6,155.10666666666668
2024-12-26,海光信息,EQ,156.6,155.0,160.6,154.5,159.18,159.18,158.09333333333333
2024-12-27,海光信息,EQ,159.18,159.18,160.67,154.79,155.05,155.05,156.83666666666667
2024-12-30,海光信息,EQ,155.05,155.0,159.18,151.33,154.0,154.0,154.83666666666667
2024-12-31,海光信息,EQ,154.0,153.48,154.87,149.58,149.79,149.79,151.41333333333333
2025-01-02,海光信息,EQ,149.79,148.3,149.47,137.41,139.08,139.08,141.98666666666668
2025-01-03,海光信息,EQ,139.08,139.39,139.8,135.58,135.61,135.61,136.99666666666667
2025-01-06,海光信息,EQ,135.61,137.74,141.8,133.33,134.57,134.57,136.56666666666666
2025-01-07,海光信息,EQ,134.57,135.57,148.62,134.03,147.6,147.6,143.41666666666666
2025-01-08,海光信息,EQ,147.6,145.25,151.3,144.8,149.89,149.89,148.66333333333333
2025-01-09,海光信息,EQ,149.89,149.89,150.88,145.78,148.2,148.2,148.28666666666666
2025-01-10,海光信息,EQ,148.2,149.12,153.66,146.63,146.7,146.7,148.99666666666664
2025-01-13,海光信息,EQ,146.7,146.7,146.7,141.26,143.4,143.4,143.78666666666666
2025-01-14,海光信息,EQ,143.4,145.5,146.55,138.28,144.05,144.05,142.96
2025-01-15,海光信息,EQ,144.05,144.01,151.27,140.87,147.2,147.2,146.44666666666666
2025-01-16,海光信息,EQ,147.2,147.19,147.99,132.79,132.81,132.81,137.86333333333332
2025-01-17,海光信息,EQ,132.81,130.0,134.82,129.13,131.78,131.78,131.91
2025-01-20,海光信息,EQ,131.78,133.0,136.16,131.4,133.9,133.9,133.82000000000002
2025-01-21,海光信息,EQ,133.9,134.6,134.99,131.42,133.03,133.03,133.14666666666665
2025-01-22,海光信息,EQ,133.03,132.7,134.88,131.05,132.47,132.47,132.79999999999998
2025-01-23,海光信息,EQ,132.47,133.83,135.91,130.15,130.54,130.54,132.20000000000002
2025-01-24,海光信息,EQ,130.54,130.57,133.54,130.01,131.0,131.0,131.51666666666665
2025-01-27,海光信息,EQ,131.0,128.1,130.72,126.01,128.0,128.0,128.24333333333334
2025-02-05,海光信息,EQ,128.0,136.0,140.88,132.66,139.19,139.19,137.57666666666665
2025-02-06,海光信息,EQ,139.19,139.0,141.86,136.88,140.81,140.81,139.85
2025-02-07,海光信息,EQ,140.81,141.0,144.28,137.3,139.7,139.7,140.42666666666668
2025-02-10,海光信息,EQ,139.7,140.79,143.7,140.0,142.3,142.3,142.0
2025-02-11,海光信息,EQ,142.3,142.48,143.67,137.53,140.0,140.0,140.4
2025-02-12,海光信息,EQ,140.0,143.0,146.55,139.78,141.08,141.08,142.47000000000003
2025-02-13,海光信息,EQ,141.08,140.5,140.5,135.0,135.05,135.05,136.85
2025-02-14,海光信息,EQ,135.05,135.05,137.4,134.21,135.89,135.89,135.83333333333334
2025-02-17,海光信息,EQ,135.89,137.3,144.51,137.3,141.61,141.61,141.14000000000001
2025-02-18,海光信息,EQ,141.61,141.0,141.9,136.38,137.47,137.47,138.58333333333334
2025-02-19,海光信息,EQ,137.47,137.5,139.44,136.05,137.37,137.37,137.62
2025-02-20,海光信息,EQ,137.37,138.17,140.52,135.31,136.15,136.15,137.32666666666668
2025-02-21,海光信息,EQ,136.15,139.07,160.01,139.07,156.96,156.96,152.01333333333332
2025-02-24,海光信息,EQ,156.96,155.87,157.42,151.52,154.06,154.06,154.33333333333334
2025-02-25,海光信息,EQ,154.06,151.0,161.29,149.21,155.9,155.9,155.46666666666667
2025-02-26,海光信息,EQ,155.9,158.29,168.5,152.78,165.0,165.0,162.09333333333333
2025-02-27,海光信息,EQ,165.0,165.05,171.9,162.6,169.99,169.99,168.16333333333333
2025-02-28,海光信息,EQ,169.99,169.5,169.5,157.83,160.0,160.0,162.44333333333336
2025-03-03,海光信息,EQ,160.0,160.05,162.09,149.51,150.93,150.93,154.17666666666668
2025-03-04,海光信息,EQ,150.93,147.5,156.0,147.0,151.5,151.5,151.5
2025-03-05,海光信息,EQ,151.5,150.96,154.79,150.13,153.95,153.95,152.95666666666665
2025-03-06,海光信息,EQ,153.95,159.0,166.66,155.71,163.03,163.03,161.79999999999998
2025-03-07,海光信息,EQ,163.03,161.5,164.24,158.7,159.8,159.8,160.91333333333333
2025-03-10,海光信息,EQ,159.8,159.79,164.82,158.0,163.0,163.0,161.94
2025-03-11,海光信息,EQ,163.0,158.9,160.6,155.0,158.01,158.01,157.87
2025-03-12,海光信息,EQ,158.01,162.88,169.28,160.5,162.42,162.42,164.06666666666663
2025-03-13,海光信息,EQ,162.42,164.73,164.73,154.17,155.49,155.49,158.13
2025-03-14,海光信息,EQ,155.49,155.99,159.3,154.3,156.88,156.88,156.82666666666668
2025-03-17,海光信息,EQ,156.88,158.66,158.8,154.28,154.79,154.79,155.95666666666668
2025-03-18,海光信息,EQ,154.79,155.08,157.22,153.03,153.4,153.4,154.54999999999998
2025-03-19,海光信息,EQ,153.4,152.8,154.54,151.8,152.84,152.84,153.06000000000003
2025-03-20,海光信息,EQ,152.84,151.01,153.69,149.02,151.66,151.66,151.45666666666668
2025-03-21,海光信息,EQ,151.66,151.5,152.63,144.0,145.8,145.8,147.47666666666666
2025-03-24,海光信息,EQ,145.8,145.8,149.34,144.5,149.0,149.0,147.61333333333334
2025-03-25,海光信息,EQ,149.0,148.9,150.28,141.0,142.02,142.02,144.4333333333333
2025-03-26,海光信息,EQ,142.02,142.3,143.41,140.8,141.05,141.05,141.75333333333336
2025-03-27,海光信息,EQ,141.05,141.79,144.88,141.4,142.16,142.16,142.8133333333333
2025-03-28,海光信息,EQ,142.16,141.72,142.8,140.01,140.99,140.99,141.26666666666668
2025-03-31,海光信息,EQ,140.99,139.82,142.32,138.99,141.3,141.3,140.87
2025-04-01,海光信息,EQ,141.3,142.39,144.11,141.69,141.91,141.91,142.57000000000002
2025-04-02,海光信息,EQ,141.91,141.2,142.62,140.68,141.83,141.83,141.71
2025-04-03,海光信息,EQ,141.83,140.01,145.38,140.01,142.02,142.02,142.47
2025-04-07,海光信息,EQ,142.02,135.55,140.22,128.07,136.46,136.46,134.91666666666666
2025-04-08,海光信息,EQ,136.46,138.0,138.96,130.55,134.23,134.23,134.58
2025-04-09,海光信息,EQ,134.23,132.0,142.74,131.66,141.48,141.48,138.62666666666667
2025-04-10,海光信息,EQ,141.48,143.77,144.5,140.12,141.27,141.27,141.96333333333334
2025-04-11,海光信息,EQ,141.27,142.5,152.88,141.02,146.92,146.92,146.93999999999997
2025-04-14,海光信息,EQ,146.92,148.0,151.26,145.2,150.15,150.15,148.87
2025-04-15,海光信息,EQ,150.15,149.68,151.43,147.48,150.4,150.4,149.76999999999998
2025-04-16,海光信息,EQ,150.4,155.0,155.7,149.02,154.5,154.5,153.07333333333335
2025-04-17,海光信息,EQ,154.5,152.49,157.77,152.0,154.0,154.0,154.59
2025-04-18,海光信息,EQ,154.0,152.75,152.8,147.8,149.64,149.64,150.08
2025-04-21,海光信息,EQ,149.64,150.68,154.87,149.79,153.72,153.72,152.79333333333332
2025-04-22,海光信息,EQ,153.72,154.68,157.27,152.08,152.1,152.1,153.8166666666667
2025-04-23,海光信息,EQ,152.1,152.1,153.53,148.45,149.0,149.0,150.32666666666668
2025-04-24,海光信息,EQ,149.0,149.0,151.35,148.06,148.3,148.3,149.23666666666665
2025-04-25,海光信息,EQ,148.3,149.07,149.68,146.66,147.21,147.21,147.85000000000002
2025-04-28,海光信息,EQ,147.21,147.97,149.75,147.15,148.6,148.6,148.5
2025-04-29,海光信息,EQ,148.6,148.06,150.72,145.66,150.1,150.1,148.82666666666668
2025-04-30,海光信息,EQ,150.1,149.5,152.28,148.4,148.6,148.6,149.76
2025-05-06,海光信息,EQ,148.6,151.1,151.1,147.55,150.01,150.01,149.5533333333333
2025-05-07,海光信息,EQ,150.01,153.41,153.41,149.4,150.8,150.8,151.20333333333335
2025-05-08,海光信息,EQ,150.8,149.5,149.98,145.91,146.0,146.0,147.29666666666665
2025-05-09,海光信息,EQ,146.0,145.61,146.27,143.88,143.88,143.88,144.67666666666665
2025-05-12,海光信息,EQ,143.88,143.6,145.68,142.8,143.7,143.7,144.06
2025-05-13,海光信息,EQ,143.7,144.54,144.7,142.0,142.17,142.17,142.95666666666668
2025-05-14,海光信息,EQ,142.17,143.4,145.5,142.7,144.22,144.22,144.14
2025-05-15,海光信息,EQ,144.22,144.21,144.98,141.7,142.11,142.11,142.92999999999998
2025-05-16,海光信息,EQ,142.11,142.01,142.67,137.06,138.49,138.49,139.40666666666667
2025-05-19,海光信息,EQ,138.49,138.8,140.66,138.08,139.9,139.9,139.54666666666665
2025-05-20,海光信息,EQ,139.9,139.84,140.75,138.8,138.96,138.96,139.50333333333333
2025-05-21,海光信息,EQ,138.96,138.5,139.81,138.02,138.85,138.85,138.89333333333335
2025-05-22,海光信息,EQ,138.85,138.51,139.56,136.0,136.66,136.66,137.40666666666667
2025-05-23,海光信息,EQ,136.66,136.67,139.78,135.38,136.13,136.13,137.09666666666666
2025-06-10,海光信息,EQ,136.13,148.0,148.0,140.0,141.98,141.98,143.32666666666668
2025-06-11,海光信息,EQ,141.98,140.1,141.0,135.41,135.5,135.5,137.3033333333333
2025-06-12,海光信息,EQ,135.5,135.5,136.56,132.01,136.09,136.09,134.88666666666666
2025-06-13,海光信息,EQ,136.09,135.01,137.96,134.43,137.06,137.06,136.48333333333332
2025-06-16,海光信息,EQ,137.06,136.69,138.98,135.74,138.35,138.35,137.69000000000003
2025-06-17,海光信息,EQ,138.35,138.2,138.2,135.38,135.7,135.7,136.42666666666665
2025-06-18,海光信息,EQ,135.7,136.13,136.4,134.21,134.68,134.68,135.09666666666666
2025-06-19,海光信息,EQ,134.68,134.24,136.36,133.58,134.15,134.15,134.6966666666667
2025-06-20,海光信息,EQ,134.15,134.5,135.48,133.5,133.5,133.5,134.16
2025-06-23,海光信息,EQ,133.5,133.01,134.36,132.9,133.58,133.58,133.61333333333334
2025-06-24,海光信息,EQ,133.58,134.0,138.12,133.6,137.14,137.14,136.28666666666666
2025-06-25,海光信息,EQ,137.14,136.54,138.25,135.74,137.99,137.99,137.32666666666668
2025-06-26,海光信息,EQ,137.99,138.8,146.68,138.11,141.75,141.75,142.18
2025-06-27,海光信息,EQ,141.75,142.85,143.29,138.88,139.0,139.0,140.39
2025-06-30,海光信息,EQ,139.0,139.16,142.77,138.69,141.29,141.29,140.91666666666666
2025-07-01,海光信息,EQ,141.29,141.07,141.09,136.21,136.5,136.5,137.93333333333334
2025-07-02,海光信息,EQ,136.5,136.31,136.78,135.5,135.56,135.56,135.94666666666666
2025-07-03,海光信息,EQ,135.56,135.8,136.43,135.1,135.36,135.36,135.63
2025-07-04,海光信息,EQ,135.36,135.36,137.3,134.9,135.56,135.56,135.92000000000002
2025-07-07,海光信息,EQ,135.56,135.56,136.32,134.83,136.03,136.03,135.72666666666666
2025-07-08,海光信息,EQ,136.03,136.16,137.2,135.39,136.9,136.9,136.49666666666667
2025-07-09,海光信息,EQ,136.9,137.19,137.38,135.38,135.39,135.39,136.04999999999998
2025-07-10,海光信息,EQ,135.39,135.51,136.1,135.01,135.11,135.11,135.40666666666667
2025-07-11,海光信息,EQ,135.11,135.46,138.95,135.01,137.43,137.43,137.13
2025-07-14,海光信息,EQ,137.43,137.0,137.68,136.0,136.1,136.1,136.59333333333333
2025-07-15,海光信息,EQ,136.1,136.1,137.64,135.86,136.7,136.7,136.73333333333332
2025-07-16,海光信息,EQ,136.7,136.7,139.15,136.5,137.56,137.56,137.73666666666665
2025-07-17,海光信息,EQ,137.56,137.56,138.0,135.82,138.0,138.0,137.27333333333334
2025-07-18,海光信息,EQ,138.0,137.5,138.16,136.31,136.97,136.97,137.14666666666668
2025-07-21,海光信息,EQ,136.97,137.22,138.34,136.18,136.67,136.67,137.0633333333333
2025-07-22,海光信息,EQ,136.67,136.5,137.64,135.2,135.34,135.34,136.05999999999997
2025-07-23,海光信息,EQ,135.34,135.4,136.27,134.85,135.17,135.17,135.42999999999998
2025-07-24,海光信息,EQ,135.17,135.45,137.78,135.44,136.7,136.7,136.64000000000001
2025-07-25,海光信息,EQ,136.7,136.86,142.99,136.12,141.49,141.49,140.20000000000002
2025-07-28,海光信息,EQ,141.49,141.01,141.3,138.7,139.93,139.93,139.97666666666666
2025-07-29,海光信息,EQ,139.93,139.1,145.0,138.51,143.0,143.0,142.17
2025-07-30,海光信息,EQ,143.0,142.1,143.19,139.61,140.45,140.45,141.08333333333334
2025-07-31,海光信息,EQ,140.45,140.3,144.96,138.8,139.2,139.2,140.98666666666665
2025-08-01,海光信息,EQ,139.2,139.7,143.67,137.02,137.75,137.75,139.48
2025-08-04,海光信息,EQ,137.75,137.0,145.03,137.0,142.58,142.58,141.53666666666666
2025-08-05,海光信息,EQ,142.58,141.5,142.8,139.35,142.46,142.46,141.53666666666666
2025-08-06,海光信息,EQ,142.46,139.35,139.62,136.38,137.34,137.34,137.78
2025-08-07,海光信息,EQ,137.34,137.89,138.85,136.41,136.61,136.61,137.29
2025-08-08,海光信息,EQ,136.61,136.6,137.17,135.7,136.12,136.12,136.33
2025-08-11,海光信息,EQ,136.12,136.15,136.89,135.7,135.91,135.91,136.16666666666666
2025-08-12,海光信息,EQ,135.91,136.0,143.68,135.05,138.8,138.8,139.17666666666668
2025-08-13,海光信息,EQ,138.8,140.0,142.33,138.58,140.12,140.12,140.34333333333333
2025-08-14,海光信息,EQ,140.12,140.9,159.99,140.56,152.49,152.49,151.01333333333335
2025-08-15,海光信息,EQ,152.49,150.03,155.0,150.0,153.86,153.86,152.95333333333335
2025-08-18,海光信息,EQ,153.86,155.0,155.58,151.4,152.61,152.61,153.1966666666667
2025-08-19,海光信息,EQ,152.61,152.1,153.66,148.7,148.73,148.73,150.36333333333334
2025-08-20,海光信息,EQ,148.73,148.88,155.96,146.77,155.79,155.79,152.84
2025-08-21,海光信息,EQ,155.79,156.91,160.3,154.14,155.05,155.05,156.49666666666667
2025-08-22,海光信息,EQ,155.05,159.18,186.06,159.18,186.06,186.06,177.1
2025-08-25,海光信息,EQ,186.06,196.0,217.66,195.36,210.1,210.1,207.70666666666668
2025-08-26,海光信息,EQ,210.1,203.18,203.9,196.8,197.23,197.23,199.31000000000003
2025-08-27,海光信息,EQ,197.23,200.17,202.61,191.37,191.95,191.95,195.31000000000003
2025-08-28,海光信息,EQ,191.95,191.0,205.69,190.88,205.0,205.0,200.5233333333333
2025-08-29,海光信息,EQ,205.0,199.71,199.82,192.6,194.52,194.52,195.64666666666665
2025-09-01,海光信息,EQ,194.52,199.0,217.33,194.9,208.96,208.96,207.06333333333336
2025-09-02,海光信息,EQ,208.96,206.0,211.79,196.8,201.89,201.89,203.49333333333334
2025-09-03,海光信息,EQ,201.89,198.0,199.39,192.0,194.98,194.98,195.45666666666668
2025-09-04,海光信息,EQ,194.98,195.5,195.6,170.41,173.28,173.28,179.76333333333332
2025-09-05,海光信息,EQ,173.28,173.88,181.24,169.33,179.4,179.4,176.65666666666667
2025-09-08,海光信息,EQ,179.4,179.99,182.5,175.12,179.35,179.35,178.99
2025-09-09,海光信息,EQ,179.35,177.43,179.3,173.5,174.51,174.51,175.76999999999998
2025-09-10,海光信息,EQ,174.51,178.27,189.41,178.27,184.03,184.03,183.90333333333334
2025-09-11,海光信息,EQ,184.03,185.14,220.84,184.8,220.84,220.84,208.82666666666668
2025-09-12,海光信息,EQ,220.84,216.0,233.33,215.68,220.02,220.02,223.01
2025-09-15,海光信息,EQ,220.02,232.24,241.88,225.01,231.5,231.5,232.79666666666665
2025-09-16,海光信息,EQ,231.5,234.07,255.96,234.0,246.0,246.0,245.32000000000002
2025-09-17,海光信息,EQ,246.0,241.57,244.97,234.55,242.69,242.69,240.73666666666668
2025-09-18,海光信息,EQ,242.69,250.06,265.0,237.01,243.81,243.81,248.60666666666665
2025-09-19,海光信息,EQ,243.81,247.99,249.99,235.2,235.96,235.96,240.38333333333333
2025-09-22,海光信息,EQ,235.96,232.0,274.78,230.0,261.21,261.21,255.33
2025-09-23,海光信息,EQ,261.21,258.88,264.88,249.53,254.66,254.66,256.3566666666666
2025-09-24,海光信息,EQ,254.66,255.99,267.0,252.16,259.89,259.89,259.68333333333334
2025-09-25,海光信息,EQ,259.89,259.88,277.98,258.05,267.92,267.92,267.98333333333335
2025-09-26,海光信息,EQ,267.92,263.03,268.68,259.0,259.1,259.1,262.26000000000005
2025-09-29,海光信息,EQ,259.1,259.0,259.88,246.0,255.84,255.84,253.90666666666667
2025-09-30,海光信息,EQ,255.84,260.5,262.5,251.5,252.6,252.6,255.53333333333333
2025-10-09,海光信息,EQ,252.6,262.0,273.33,261.39,263.05,263.05,265.92333333333335
2025-10-10,海光信息,EQ,263.05,257.0,257.0,238.58,241.49,241.49,245.69000000000003
2025-10-13,海光信息,EQ,241.49,241.0,249.88,237.01,244.0,244.0,243.63
2025-10-14,海光信息,EQ,244.0,248.8,248.98,224.38,227.6,227.6,233.65333333333334
2025-10-15,海光信息,EQ,227.6,228.18,243.21,228.06,241.05,241.05,237.43999999999997
2025-10-16,海光信息,EQ,241.05,230.0,238.58,227.84,233.01,233.01,233.14333333333335
2025-10-17,海光信息,EQ,233.01,233.29,234.89,223.0,228.25,228.25,228.71333333333334
2025-10-20,海光信息,EQ,228.25,235.0,236.7,227.2,228.74,228.74,230.88
2025-10-21,海光信息,EQ,228.74,229.2,240.39,225.6,236.9,236.9,234.29666666666665
2025-10-22,海光信息,EQ,236.9,233.76,247.2,232.88,241.79,241.79,240.62333333333333
2025-10-23,海光信息,EQ,241.79,238.12,239.0,231.64,236.15,236.15,235.59666666666666
2025-10-24,海光信息,EQ,236.15,240.01,251.81,237.31,249.01,249.01,246.04333333333332
2025-10-27,海光信息,EQ,249.01,253.0,254.84,245.55,251.03,251.03,250.47333333333333
2025-10-28,海光信息,EQ,251.03,248.0,252.58,245.08,245.74,245.74,247.80000000000004
2025-10-29,海光信息,EQ,245.74,245.07,252.76,242.24,246.84,246.84,247.28
2025-10-30,海光信息,EQ,246.84,245.0,248.88,236.38,238.2,238.2,241.15333333333334
2025-10-31,海光信息,EQ,238.2,238.0,239.8,229.06,229.33,229.33,232.73000000000002
2025-11-03,海光信息,EQ,229.33,225.99,227.13,220.86,226.17,226.17,224.72
2025-11-04,海光信息,EQ,226.17,226.13,230.65,221.86,223.7,223.7,225.40333333333334
2025-11-05,海光信息,EQ,223.7,218.01,224.41,217.5,222.0,222.0,221.3033333333333
2025-11-06,海光信息,EQ,222.0,227.0,246.38,226.01,239.68,239.68,237.35666666666665
2025-11-07,海光信息,EQ,239.68,233.97,237.25,230.71,232.67,232.67,233.54333333333332
2025-11-10,海光信息,EQ,232.67,232.0,233.21,220.68,224.87,224.87,226.25333333333333
2025-11-11,海光信息,EQ,224.87,226.0,230.9,220.5,221.4,221.4,224.26666666666665
2025-11-12,海光信息,EQ,221.4,221.0,221.95,216.0,219.98,219.98,219.30999999999997
2025-11-13,海光信息,EQ,219.98,219.9,224.34,216.2,222.75,222.75,221.09666666666666
2025-11-14,海光信息,EQ,222.75,218.0,218.0,212.21,212.21,212.21,214.14000000000001
2025-11-17,海光信息,EQ,212.21,213.8,217.88,211.18,213.53,213.53,214.1966666666667
2025-11-18,海光信息,EQ,213.53,212.78,218.2,212.01,215.0,215.0,215.07000000000002
2025-11-19,海光信息,EQ,215.0,215.0,218.9,212.84,213.03,213.03,214.92333333333332
2025-11-20,海光信息,EQ,213.03,218.29,219.79,213.51,214.83,214.83,216.04333333333332
2025-11-21,海光信息,EQ,214.83,210.0,211.88,205.36,206.3,206.3,207.84666666666666
2025-11-24,海光信息,EQ,206.3,208.97,210.82,203.27,208.26,208.26,207.45000000000002
2025-11-25,海光信息,EQ,208.26,210.0,211.78,204.36,206.7,206.7,207.61333333333332
2025-11-26,海光信息,EQ,206.7,206.0,217.62,204.0,213.65,213.65,211.75666666666666
2025-11-27,海光信息,EQ,213.65,217.0,232.89,215.66,215.95,215.95,221.5
2025-11-28,海光信息,EQ,215.95,214.0,219.58,210.68,217.3,217.3,215.85333333333332
2025-12-01,海光信息,EQ,217.3,219.9,219.9,211.5,216.03,216.03,215.80999999999997
2025-12-02,海光信息,EQ,216.03,215.0,215.76,211.6,212.58,212.58,213.31333333333336
2025-12-03,海光信息,EQ,212.58,211.43,215.0,209.1,210.14,210.14,211.41333333333333
2025-12-04,海光信息,EQ,210.14,209.01,216.28,208.38,216.0,216.0,213.5533333333333
2025-12-05,海光信息,EQ,216.0,213.0,215.68,208.33,214.26,214.26,212.75666666666666
2025-12-08,海光信息,EQ,214.26,214.0,224.66,213.51,220.88,220.88,219.6833333333333
2025-12-09,海光信息,EQ,220.88,217.94,223.73,215.99,219.3,219.3,219.67333333333332
2025-12-10,海光信息,EQ,219.3,212.01,221.0,207.18,218.5,218.5,215.56000000000003
2025-12-11,海光信息,EQ,218.5,218.52,218.98,210.7,212.6,212.6,214.09333333333333
2025-12-12,海光信息,EQ,212.6,212.0,212.0,205.0,210.0,210.0,209.0
2025-12-15,海光信息,EQ,210.0,207.8,208.9,202.68,203.0,203.0,204.86
2025-12-16,海光信息,EQ,203.0,201.99,203.38,196.21,197.75,197.75,199.11333333333334
2025-12-17,海光信息,EQ,197.75,199.0,208.69,197.41,207.1,207.1,204.4
2025-12-18,海光信息,EQ,207.1,205.05,206.78,201.5,202.7,202.7,203.66
2025-12-19,海光信息,EQ,202.7,205.1,210.0,204.08,204.08,204.08,206.05333333333337
2025-12-22,海光信息,EQ,204.08,205.55,216.16,205.55,215.18,215.18,212.2966666666667
2025-12-23,海光信息,EQ,215.18,213.99,222.37,213.99,219.52,219.52,218.62666666666667
2025-12-24,海光信息,EQ,219.52,218.99,221.12,215.65,219.9,219.9,218.89
2025-12-25,海光信息,EQ,219.9,219.95,224.38,218.59,220.45,220.45,221.14000000000001
2025-12-26,海光信息,EQ,220.45,219.62,221.28,216.04,217.6,217.6,218.30666666666664
2025-12-29,海光信息,EQ,217.6,216.88,222.59,216.79,219.23,219.23,219.53666666666666
2025-12-30,海光信息,EQ,219.23,219.0,230.0,218.74,225.01,225.01,224.58333333333334
2025-12-31,海光信息,EQ,225.01,225.15,231.2,222.0,224.41,224.41,225.87
2026-01-05,海光信息,EQ,224.41,227.5,228.15,221.7,226.0,226.0,225.28333333333333
2026-01-06,海光信息,EQ,226.0,224.2,232.13,223.5,225.82,225.82,227.15
2026-01-07,海光信息,EQ,225.82,225.83,226.89,219.35,222.75,222.75,222.99666666666667
2026-01-08,海光信息,EQ,222.75,226.0,252.0,226.0,241.68,241.68,239.89333333333335
2026-01-09,海光信息,EQ,241.68,238.01,250.77,232.0,246.55,246.55,243.10666666666665
2026-01-12,海光信息,EQ,246.55,246.55,249.99,239.7,246.05,246.05,245.24666666666667
2026-01-13,海光信息,EQ,246.05,246.04,246.89,233.33,235.57,235.57,238.59666666666666
2026-01-14,海光信息,EQ,235.57,239.81,255.97,239.8,251.5,251.5,249.09
2026-01-15,海光信息,EQ,251.5,254.0,258.0,245.46,250.0,250.0,251.15333333333334
2026-01-16,海光信息,EQ,250.0,252.7,256.6,242.0,244.33,244.33,247.64333333333335
2026-01-19,海光信息,EQ,244.33,246.0,262.09,245.24,255.95,255.95,254.42666666666665
2026-01-20,海光信息,EQ,255.95,261.0,273.8,253.5,254.21,254.21,260.50333333333333
2026-01-21,海光信息,EQ,254.21,263.49,298.0,263.49,288.11,288.11,283.2
2026-01-22,海光信息,EQ,288.11,302.0,308.56,285.0,288.5,288.5,294.02
2026-01-23,海光信息,EQ,288.5,276.0,284.95,270.2,276.0,276.0,277.05
2026-01-26,海光信息,EQ,276.0,275.49,285.0,269.96,273.0,273.0,275.9866666666667
2026-01-27,海光信息,EQ,273.0,274.37,279.22,268.01,270.75,270.75,272.66
2026-01-28,海光信息,EQ,270.75,276.31,278.0,260.5,268.31,268.31,268.93666666666667
2026-01-29,海光信息,EQ,268.31,268.3,272.8,260.51,261.29,261.29,264.8666666666666
2026-01-30,海光信息,EQ,261.29,261.29,269.14,256.39,264.44,264.44,263.3233333333333
2026-02-02,海光信息,EQ,264.44,260.0,268.34,251.92,252.3,252.3,257.52
2026-02-03,海光信息,EQ,252.3,257.2,258.0,243.98,251.5,251.5,251.16
2026-02-04,海光信息,EQ,251.5,248.24,248.7,240.52,244.0,244.0,244.40666666666667
2026-02-05,海光信息,EQ,244.0,238.84,242.81,236.82,238.17,238.17,239.26666666666665
2026-02-06,海光信息,EQ,238.17,235.8,247.54,232.58,242.68,242.68,240.9333333333333
2026-02-09,海光信息,EQ,242.68,251.0,253.33,244.51,250.11,250.11,249.3166666666667
2026-02-10,海光信息,EQ,250.11,254.87,269.5,254.0,259.0,259.0,260.8333333333333
2026-02-11,海光信息,EQ,259.0,255.0,258.33,251.37,255.0,255.0,254.9
2026-02-12,海光信息,EQ,255.0,260.0,264.99,257.01,262.34,262.34,261.44666666666666
2026-02-13,海光信息,EQ,262.34,260.0,265.69,258.02,259.06,259.06,260.92333333333335
2026-02-24,海光信息,EQ,259.06,266.83,268.0,247.77,248.14,248.14,254.63666666666666
2026-02-25,海光信息,EQ,248.14,250.0,252.33,245.18,246.48,246.48,247.99666666666667
2026-02-26,海光信息,EQ,246.48,251.41,257.98,244.47,252.7,252.7,251.7166666666667
2026-02-27,海光信息,EQ,252.7,247.0,269.88,242.63,261.1,261.1,257.87
2026-03-02,海光信息,EQ,261.1,255.08,265.0,254.75,258.95,258.95,259.56666666666666
2026-03-03,海光信息,EQ,258.95,257.79,258.0,240.0,241.0,241.0,246.33333333333334
2026-03-04,海光信息,EQ,241.0,236.98,243.88,233.77,236.0,236.0,237.88333333333333
2026-03-05,海光信息,EQ,236.0,245.96,247.5,237.85,242.99,242.99,242.78
2026-03-06,海光信息,EQ,242.99,240.0,242.97,238.49,241.9,241.9,241.12
2026-03-09,海光信息,EQ,241.9,232.73,241.4,226.1,238.43,238.43,235.31000000000003
2026-03-10,海光信息,EQ,238.43,246.99,250.98,244.8,247.53,247.53,247.76999999999998
2026-03-11,海光信息,EQ,247.53,247.54,255.36,242.82,244.2,244.2,247.46
2026-03-12,海光信息,EQ,244.2,241.7,251.68,240.5,242.0,242.0,244.7266666666667
2026-03-13,海光信息,EQ,242.0,239.0,240.8,235.05,235.74,235.74,237.1966666666667
2026-03-16,海光信息,EQ,235.74,235.18,236.88,224.99,233.85,233.85,231.90666666666667
2026-03-17,海光信息,EQ,233.85,235.98,236.1,227.09,227.09,227.09,230.09333333333333
2026-03-18,海光信息,EQ,227.09,228.45,232.5,224.1,231.4,231.4,229.33333333333334
2026-03-19,海光信息,EQ,231.4,227.0,227.8,221.0,222.63,222.63,223.81000000000003
2026-03-20,海光信息,EQ,222.63,224.5,225.5,216.0,216.42,216.42,219.30666666666664
2026-03-23,海光信息,EQ,216.42,212.99,214.98,206.08,207.04,207.04,209.36666666666667
2026-03-24,海光信息,EQ,207.04,210.69,213.98,202.98,213.27,213.27,210.07666666666668
2026-03-25,海光信息,EQ,213.27,214.45,221.53,212.55,217.4,217.4,217.16
2026-03-26,海光信息,EQ,217.4,223.33,228.0,218.0,218.7,218.7,221.5666666666667
2026-03-27,海光信息,EQ,218.7,214.6,223.89,210.3,220.95,220.95,218.38
2026-03-30,海光信息,EQ,220.95,218.6,218.88,213.07,215.73,215.73,215.89333333333332
2026-03-31,海光信息,EQ,215.73,214.56,218.04,210.01,210.26,210.26,212.76999999999998
2026-04-01,海光信息,EQ,210.26,217.1,221.8,215.0,220.31,220.31,219.03666666666666
2026-04-02,海光信息,EQ,220.31,219.0,219.24,211.3,213.0,213.0,214.51333333333332
2026-04-03,海光信息,EQ,213.0,214.07,218.17,213.22,213.77,213.77,215.0533333333333
2026-04-07,海光信息,EQ,213.77,214.0,223.85,211.0,217.54,217.54,217.46333333333334
2026-04-08,海光信息,EQ,217.54,226.1,231.9,223.05,228.5,228.5,227.8166666666667
2026-04-09,海光信息,EQ,228.5,225.0,230.36,223.66,227.0,227.0,227.00666666666666
2026-04-10,海光信息,EQ,227.0,230.49,238.51,230.49,231.82,231.82,233.60666666666665
2026-04-13,海光信息,EQ,231.82,240.0,256.72,240.0,245.25,245.25,247.32333333333335
2026-04-14,海光信息,EQ,245.25,251.01,252.86,245.03,248.78,248.78,248.89
2026-04-15,海光信息,EQ,248.78,251.89,261.3,248.19,252.0,252.0,253.83
2026-04-16,海光信息,EQ,252.0,252.5,255.0,248.0,253.0,253.0,252.0
2026-04-17,海光信息,EQ,253.0,258.0,268.5,257.1,260.0,260.0,261.8666666666667
2026-04-20,海光信息,EQ,260.0,262.0,271.55,260.59,261.78,261.78,264.64
2026-04-21,海光信息,EQ,261.78,260.0,260.03,250.3,252.55,252.55,254.29333333333332
2026-04-22,海光信息,EQ,252.55,251.02,260.23,251.0,259.2,259.2,256.81
2026-04-23,海光信息,EQ,259.2,268.2,274.26,259.3,263.4,263.4,265.6533333333333
2026-04-24,海光信息,EQ,263.4,275.63,293.3,271.06,285.0,285.0,283.12
2026-04-27,海光信息,EQ,285.0,300.0,305.0,293.3,296.27,296.27,298.19
2026-04-28,海光信息,EQ,296.27,290.0,300.02,286.0,289.0,289.0,291.67333333333335
2026-04-29,海光信息,EQ,289.0,284.72,287.8,271.06,278.77,278.77,279.21
2026-04-30,海光信息,EQ,278.77,284.9,302.68,284.88,296.25,296.25,294.6033333333333
2026-05-06,海光信息,EQ,296.25,322.1,355.5,321.0,344.41,344.41,340.30333333333334
2026-05-07,海光信息,EQ,344.41,342.69,343.17,333.88,341.6,341.6,339.55
2026-05-08,海光信息,EQ,341.6,333.88,338.56,320.01,323.28,323.28,327.2833333333333
2026-05-11,海光信息,EQ,323.28,340.5,350.0,332.97,349.18,349.18,344.05
2026-05-12,海光信息,EQ,349.18,343.0,358.8,338.45,349.19,349.19,348.81333333333333
2026-05-13,海光信息,EQ,349.19,335.0,350.33,328.28,348.19,348.19,342.26666666666665
2026-05-14,海光信息,EQ,348.19,348.38,353.68,325.0,325.2,325.2,334.6266666666667
2026-05-15,海光信息,EQ,325.2,320.0,325.0,300.18,303.01,303.01,309.3966666666667
2026-05-18,海光信息,EQ,303.01,303.0,314.5,300.0,303.63,303.63,306.04333333333335
2026-05-19,海光信息,EQ,303.63,303.48,312.04,291.58,312.02,312.02,305.2133333333333
2026-05-20,海光信息,EQ,312.02,307.0,324.57,306.72,316.74,316.74,316.01
2026-05-21,海光信息,EQ,316.74,333.3,339.9,306.0,307.0,307.0,317.6333333333333
2026-05-22,海光信息,EQ,307.0,311.1,315.34,301.18,312.4,312.4,309.64
2026-05-25,海光信息,EQ,312.4,312.4,330.88,302.18,329.68,329.68,320.91333333333336
2026-05-26,海光信息,EQ,329.68,323.0,345.0,316.1,341.16,341.16,334.08666666666664
2026-05-27,海光信息,EQ,341.16,343.0,343.0,316.66,316.79,316.79,325.48333333333335
2026-05-28,海光信息,EQ,316.79,311.13,318.98,306.11,314.36,314.36,313.15000000000003
2026-05-29,海光信息,EQ,314.36,319.8,322.56,290.89,293.9,293.9,302.45
2026-06-01,海光信息,EQ,293.9,299.77,300.19,275.0,275.36,275.36,283.5166666666667
2026-06-02,海光信息,EQ,275.36,278.99,288.8,274.06,283.49,283.49,282.1166666666667
2026-06-03,海光信息,EQ,283.49,283.0,298.0,281.39,285.94,285.94,288.4433333333333
2026-06-04,海光信息,EQ,285.94,283.0,289.55,280.08,285.79,285.79,285.14000000000004
2026-06-05,海光信息,EQ,285.79,280.0,283.62,272.92,274.06,274.06,276.8666666666666
